Villes,Mots-clés,position du média,Nom du média,Titre de l'article,Date de publication,Journée de différence,URL,date et heure saisie,type mot-clés
Saint-Jérôme,accident,1,Le Journal de Montréal,[PHOTOS] La SQ cherche des témoins pour un délit de fuite à Saint-Jérôme,2021-10-30,19,https://www.journaldemontreal.com/2021/10/30/photos-la-sq-cherche-a-identifier-un-pieton-victime-dun-delit-de-fuite-a-saint-jerome,2021-11-18 08:35:49,local
Saint-Jérôme,accident,2,Le Journal de Montréal,Ado tué dans un délit de fuite: «Au moins la justice sera faite»,2021-10-27,22,https://www.journaldemontreal.com/2021/10/27/deux-arrestations-en-lien-avec-le-delit-de-fuite-mortel-a-saint-lin-laurentides-1,2021-11-18 08:35:49,local
Saint-Jérôme,accident,3,Le Journal de Montréal,Accident mortel à Saint-Jérôme: la CNESST dévoile les conclusions de son enquête,2021-10-08,41,https://www.journaldemontreal.com/2021/10/08/accident-mortel-a-saint-jerome-la-cnesst-devoile-les-conclusions-de-son-enquete,2021-11-18 08:35:50,local
Saint-Jérôme,accident,4,Le Journal de Montréal,Une femme grièvement blessée par une voiture à Saint-Jérôme,2021-09-11,68,https://www.journaldemontreal.com/2021/09/11/une-femme-grievement-blessee-par-une-voiture-a-saint-jerome-1,2021-11-18 08:35:50,local
Saint-Jérôme,accident,5,LeLézard.com,"Décès du directeur général d'Acry-Royal inc., à Blainville : la CNESST dévoile les conclusions de son enquête",2021-11-17,1,https://www.lelezard.com/communique-20110102.html,2021-11-18 08:35:50,local
Saint-Jérôme,accident,6,TVA Nouvelles,"Un cycliste happé, puis traîné sur une dizaine de mètres à Saint-Jérôme",2021-10-12,37,https://www.tvanouvelles.ca/2021/10/12/un-cycliste-happe-puis-traine-sur-une-dizaine-de-metres-a-saint-jerome-1,2021-11-18 08:35:50,local
Saint-Jérôme,accident,7,Showbizz.net,Alex Perron victime d'un accident à vélo,2021-10-19,30,https://showbizz.net/stars/alex-perron-victime-dun-accident-a-velo,2021-11-18 08:35:50,local
Saint-Jérôme,accident,8,TopoLocal,"Un véhicule de la police impliqué dans un accident, coin Labelle et Lajeunesse à Saint-Jérôme",2021-06-12,159,https://www.topolocal.ca/2021/06/12/un-vehicule-de-la-police-implique-dans-un-accident-coin-labelle-et-lajeunesse-a-saint-jerome/,2021-11-18 08:35:51,local
Saint-Jérôme,accident,9,TVA Nouvelles,Un travailleur perd la vie après une chute de 5 étages à l'Hôpital de Saint-Jérôme,2021-04-27,205,https://www.tvanouvelles.ca/2021/04/27/un-travailleur-chute-de-4-etages-a-lhopital-de-saint-jerome,2021-11-18 08:35:51,local
Saint-Jérôme,accident,10,la Nouvelle République,D1 : retour en jeu de Jérôme Lhortolary (BVN) après son accident cardiaque,2021-10-23,26,https://www.lanouvellerepublique.fr/indre/commune/poulaines/d1-retour-en-jeu-de-jerome-lhortolary-bvn-apres-son-accident-cardiaque,2021-11-18 08:35:51,local
Saint-Jérôme,accident,11,TopoLocal,Accident sur la 117 à Lafontaine,2020-12-01,352,https://www.topolocal.ca/2020/12/01/accident-sur-la-117-a-lafontaine/,2021-11-18 08:35:51,local
Saint-Jérôme,accident,12,TopoLocal,Un accident au milieu de la 158 un mercredi en fin d'après-midi,2021-03-10,253,https://www.topolocal.ca/2021/03/10/un-accident-au-milieu-de-la-158-un-mercredi-en-fin-dapres-midi/,2021-11-18 08:35:52,local
Saint-Jérôme,accident,13,Mon Joliette,Accident de travail à Saint-Jérôme : Un Joliettain perd la vie après une chute de cinq étages,2021-04-28,204,https://monjoliette.com/accident-de-travail-a-saint-jerome-un-joliettain-perd-la-vie-apres-une-chute-de-cinq-etages/,2021-11-18 08:35:52,local
Saint-Jérôme,accident,14,Le Journal de Montréal,Un motocycliste meurt dans un accident à Saint-Jérôme,,,https://www.journaldemontreal.com/2020/10/04/un-motocycliste-meurt-dans-un-accident-a-saint-jerome-1,2021-11-18 08:35:52,local
Saint-Jérôme,accident,15,Journal Accès,Accident grave sur le P'tit Train du Nord - Accès Laurentides,2021-08-31,79,https://www.journalacces.ca/accident-grave-sur-le-ptit-train-du-nord/,2021-11-18 08:35:53,local
Saint-Jérôme,accident,16,TopoLocal,"Accident au centre-ville de Saint-Jérôme, blessures légères",2020-12-04,349,https://www.topolocal.ca/2020/12/04/accident-au-centre-ville-saint-jerome-blessures-legeres/,2021-11-18 08:35:53,local
Saint-Jérôme,accident,17,TopoLocal,Printemps routier sur la rue Laviolette,2021-04-09,223,https://www.topolocal.ca/2021/04/09/printemps-routier-sur-la-rue-laviolette/,2021-11-18 08:35:53,local
Saint-Jérôme,accident,18,La Nouvelle Union,Le Cactus ajoute un lanceur de premier plan à sa formation,2021-10-29,20,https://www.lanouvelle.net/2021/10/29/le-cactus-ajoute-un-lanceur-de-premier-plan-a-sa-formation/,2021-11-18 08:35:53,local
Saint-Jérôme,accident,19,La Tribune - Groupe Capitales Médias,Accident mortel à Compton | Justice et faits divers | Actualités,2021-10-08,41,https://www.latribune.ca/2021/10/08/accident-mortel-a-compton-2e1b08fc0ff9a81c9566d4bc842dfd05,2021-11-18 08:35:53,local
Saint-Jérôme,accident,20,Le Journal de Montréal,25 000 $ oubliés... sur les lieux d'un accident,2021-05-12,190,https://www.journaldemontreal.com/2021/05/12/25000-oublies-sur-les-lieux-dun-accident,2021-11-18 08:35:53,local
Saint-Jérôme,accident,21,TopoLocal,Mort d'un ouvrier tombé du toit au chantier de l'Hôpital de Saint-Jérôme,2021-04-27,205,https://www.topolocal.ca/2021/04/27/mort-dun-ouvrier-tombe-du-toit-au-chantier-de-lhopital-de-saint-jerome/,2021-11-18 08:35:54,local
Saint-Jérôme,accident,22,"98,5 fm",Saint-Jérôme | Le BEI enquête sur la mort d'un septuagénaire survenue en plein jour mardi,2021-03-30,233,https://www.985fm.ca/nouvelles/faits-divers/382773/saint-jerome-le-bei-enquete-sur-la-mort-d-un-septuagenaire-survenue-en-plein-jour-mardi,2021-11-18 08:35:54,local
Saint-Jérôme,accident,23,TopoLocal,Camion renversé sur la rue de Martigny,2021-04-02,230,https://www.topolocal.ca/2021/04/02/camion-renverse-rue-de-martigny/,2021-11-18 08:35:54,local
Saint-Jérôme,accident,24,TopoLocal,Un cycliste mort après un accident avec une voiture début août à Saint-Jérôme,,,https://www.topolocal.ca/2020/08/26/cycliste-mort-apres-accident-avec-voiture-debut-aout-saint-jerome/,2021-11-18 08:35:54,local
Saint-Jérôme,accident,25,TopoLocal,Accident sur la rue Labelle,2020-12-18,335,https://www.topolocal.ca/2020/12/18/accident-sur-la-rue-labelle/,2021-11-18 08:35:54,local
Saint-Jérôme,décès OR mort,1,La Presse,Saint-Jérôme | Le piéton qui avait été victime d'un délit de fuite est décédé,2021-10-31,18,https://www.lapresse.ca/actualites/justice-et-faits-divers/2021-10-31/saint-jerome/le-pieton-qui-avait-ete-victime-d-un-delit-de-fuite-est-decede.php,2021-11-18 08:36:31,local
Saint-Jérôme,décès OR mort,2,NecrologieCanada,ROBITAILLE Andre 19332021,2021-11-17,1,https://necrocanada.com/deces-2021/robitaille-andre-19332021/,2021-11-18 08:36:32,local
Saint-Jérôme,décès OR mort,3,TVA Nouvelles,"Coupable de menaces de mort contre Legault, Arruda et Trudeau",2021-11-17,1,https://www.tvanouvelles.ca/2021/11/17/coupable-de-menaces-de-mort-contre-legault-arruda-et-trudeau-1,2021-11-18 08:36:32,local
Saint-Jérôme,décès OR mort,4,Journal Accès,Grande première à Saint-Jérôme - Accès Laurentides,2021-11-16,2,https://www.journalacces.ca/grande-premiere-a-saint-jerome/,2021-11-18 08:36:32,local
Saint-Jérôme,décès OR mort,5,Journal Le Nord,Décès d'un pompier à Montréal: Saint-Jérôme met ses drapeaux en berne,2021-10-20,29,https://www.journallenord.com/deces-dun-pompier-a-montreal-saint-jerome-met-ses-drapeaux-en-berne/,2021-11-18 08:36:32,local
Saint-Jérôme,décès OR mort,6,NecrologieCanada,MERCIER Nee PELLETIER Henriette 19362021,2021-11-16,2,https://necrocanada.com/deces-2021/mercier-nee-pelletier-henriette-19362021/,2021-11-18 08:36:32,local
Saint-Jérôme,décès OR mort,7,NecrologieCanada,LAMOUREUX LAURENT 1941 2021,2021-11-16,2,https://necrocanada.com/deces-2021/lamoureux-laurent-1941-2021/,2021-11-18 08:36:33,local
Saint-Jérôme,décès OR mort,8,NecrologieCanada,PERRON Ginette 19592021,2021-11-15,3,https://necrocanada.com/deces-2021/perron-ginette-19592021/,2021-11-18 08:36:33,local
Saint-Jérôme,décès OR mort,9,LeLézard.com,"Décès du directeur général d'Acry-Royal inc., à Blainville : la CNESST dévoile les conclusions de son enquête",2021-11-17,1,https://www.lelezard.com/communique-20110102.html,2021-11-18 08:36:33,local
Saint-Jérôme,décès OR mort,10,NecrologieCanada,MeNARD Jean-Guy 19302021,2021-11-10,8,https://necrocanada.com/deces-2021/menard-jean-guy-19302021/,2021-11-18 08:36:33,local
Saint-Jérôme,décès OR mort,11,NecrologieCanada,BRUNET Nee CYR Cecile 19262021,2021-11-03,15,https://necrocanada.com/deces-2021/brunet-nee-cyr-cecile-19262021/,2021-11-18 08:36:33,local
Saint-Jérôme,décès OR mort,12,NecrologieCanada,HAMEL Fernand 19422021,2021-11-06,12,https://necrocanada.com/deces-2021/hamel-fernand-19422021/,2021-11-18 08:36:33,local
Saint-Jérôme,décès OR mort,13,NecrologieCanada,FONTAINE GEORGETTE 1930 2021,2021-11-15,3,https://necrocanada.com/deces-2021/fontaine-georgette-1930-2021/,2021-11-18 08:36:34,local
Saint-Jérôme,décès OR mort,14,NecrologieCanada,LAUZON Jean-Louis 19342021,2021-11-12,6,https://necrocanada.com/deces-2021/lauzon-jean-louis-19342021/,2021-11-18 08:36:34,local
Saint-Jérôme,décès OR mort,15,NecrologieCanada,GRAND’MAISON Gilles 19492021,2021-11-11,7,https://necrocanada.com/deces-2021/grandmaison-gilles-19492021/,2021-11-18 08:36:34,local
Saint-Jérôme,décès OR mort,16,NecrologieCanada,Desroches Raymond 19422021,2021-10-29,20,https://necrocanada.com/deces-2021/desroches-raymond-19422021/,2021-11-18 08:36:34,local
Saint-Jérôme,décès OR mort,17,Le Journal de Montréal,Ado tué dans un délit de fuite: «Au moins la justice sera faite»,2021-10-27,22,https://www.journaldemontreal.com/2021/10/27/deux-arrestations-en-lien-avec-le-delit-de-fuite-mortel-a-saint-lin-laurentides-1,2021-11-18 08:36:35,local
Saint-Jérôme,décès OR mort,18,NecrologieCanada,RICHER Serge 19572021,2021-11-12,6,https://necrocanada.com/deces-2021/richer-serge-19572021/,2021-11-18 08:36:35,local
Saint-Jérôme,décès OR mort,19,Le Journal de Montréal,Doublement vacciné et en forme à 73 ans: contaminé à mort par son vendeur de thermopompes antivaccins,2021-10-20,29,https://www.journaldemontreal.com/2021/10/20/un-homme-meurt-apres-la-visite-dun-antivaccin,2021-11-18 08:36:35,local
Saint-Jérôme,décès OR mort,20,NecrologieCanada,HUOT Suzanne 19572021,2021-11-06,12,https://necrocanada.com/deces-2021/huot-suzanne-19572021/,2021-11-18 08:36:35,local
Saint-Jérôme,décès OR mort,21,Le Journal de Montréal,"CLOUTIER, Pierre Raymond",2021-10-23,26,https://www.journaldemontreal.com/2021/10/23/0f17452334/cloutier-pierre-raymond,2021-11-18 08:36:35,local
Saint-Jérôme,décès OR mort,22,La Presse,Procès pour meurtre 17 ans plus tard | Ernesto Fera a-t-il tué sa femme pour 350 000 $ d'assurance vie ?,2021-11-08,10,https://www.lapresse.ca/actualites/justice-et-faits-divers/2021-11-08/proces-pour-meurtre-17-ans-plus-tard/ernesto-fera-a-t-il-tue-sa-femme-pour-350-000-d-assurance-vie.php,2021-11-18 08:36:36,local
Saint-Jérôme,décès OR mort,23,NecrologieCanada,Tessier Francine 19532021,2021-10-29,20,https://necrocanada.com/deces-2021/tessier-francine-19532021/,2021-11-18 08:36:36,local
Saint-Jérôme,décès OR mort,24,"98,5 fm",Saint-Jérôme | Le BEI enquête sur la mort d'un septuagénaire survenue en plein jour mardi,2021-03-30,233,https://www.985fm.ca/nouvelles/faits-divers/382773/saint-jerome-le-bei-enquete-sur-la-mort-d-un-septuagenaire-survenue-en-plein-jour-mardi,2021-11-18 08:36:36,local
Saint-Jérôme,décès OR mort,25,NecrologieCanada,COULOMBE Josee 19692021,2021-10-26,23,https://necrocanada.com/deces-2021/coulombe-josee-19692021/,2021-11-18 08:36:36,local
Saint-Jérôme,incendie,1,Le Journal de Montréal,Incendie: une famille jetée à la rue à Saint-Jérôme,2021-10-23,26,https://www.journaldemontreal.com/2021/10/23/incendie-une-famille-jetee-a-la-rue-a-saint-jerome,2021-11-18 08:36:43,local
Saint-Jérôme,incendie,2,Journal Le Nord,Des citoyens du secteur Bellefeuille veulent une caserne neuve et des pompiers permanents,2021-11-02,16,https://www.journallenord.com/des-citoyens-du-secteur-bellefeuille-veulent-une-caserne-neuve-et-des-pompiers-permanents/,2021-11-18 08:36:44,local
Saint-Jérôme,incendie,3,Journal Le Nord,Décès d'un pompier à Montréal: Saint-Jérôme met ses drapeaux en berne,2021-10-20,29,https://www.journallenord.com/deces-dun-pompier-a-montreal-saint-jerome-met-ses-drapeaux-en-berne/,2021-11-18 08:36:44,local
Saint-Jérôme,incendie,4,Mon Matane,Éphémérides du 23 octobre : un incendie détruit le restaurant Café aux Délices de Matane en 1992,2021-10-23,26,https://monmatane.com/ephemerides-du-23-octobre-un-incendie-detruit-le-restaurant-cafe-aux-delices-de-matane-en-1992/,2021-11-18 08:36:44,local
Saint-Jérôme,incendie,5,Le Journal de Montréal,Saint-Jérôme: un bâtiment commercial et industriel ravagé par un incendie,2021-03-09,254,https://www.journaldemontreal.com/2021/03/09/saint-jerome-un-batiment-commercial-et-industriel-ravage-par-un-incendie,2021-11-18 08:36:44,local
Saint-Jérôme,incendie,6,L'Est Eclair,Les ESSENTIELS du MATIN: Questions autour de l’incendie criminel. Beaujolais. Photos. Et course.,2021-11-18,0,https://www.lest-eclair.fr/id314008/article/2021-11-18/les-essentiels-du-matin-questions-autour-de-lincendie-criminel-beaujolais-photos,2021-11-18 08:36:45,local
Saint-Jérôme,incendie,7,Réseau d'Information Municipale,Côte-Nord - Le centre communautaire de Matimekush-Lac John détruit à la suite d'un incendie,2021-11-18,0,https://rimq.qc.ca/article/municipal/categorie/generale/11/931025/le-centre-communautaire-de-matimekush-lac-john-detruit-a-la-suite-d-un-incendie.html,2021-11-18 08:36:45,local
Saint-Jérôme,incendie,8,Le Journal de Montréal,[PHOTOS] Un incendie en plein cœur du centre-ville de Saint-Jérôme,2021-01-17,305,https://www.journaldemontreal.com/2021/01/17/photos-un-incendie-en-plein-coeur-du-centre-ville-de-saint-jerome,2021-11-18 08:36:45,local
Saint-Jérôme,incendie,9,TopoLocal,Incendie au Dic Ann's de Saint-Jérôme,2021-09-15,64,https://www.topolocal.ca/2021/09/15/le-dic-anns-de-saint-jerome-visite-par-les-pompiers/,2021-11-18 08:36:45,local
Saint-Jérôme,incendie,10,Journal Le Nord,À quand le parachèvement de la rue Schulz vers Sainte-Sophie?,2021-11-16,2,https://www.journallenord.com/a-quand-le-parachevement-de-la-rue-schulz-vers-sainte-sophie/,2021-11-18 08:36:45,local
Saint-Jérôme,incendie,11,Le Journal de Montréal,Incendie suspect au palais de justice de Saint-Jérôme,2021-01-10,312,https://www.journaldemontreal.com/2021/01/10/incendie-suspect-au-palais-de-justice-de-saint-jerome,2021-11-18 08:36:46,local
Saint-Jérôme,incendie,12,TopoLocal,Une maison brûle dans la nuit à Saint-Jérôme,2021-04-11,221,https://www.topolocal.ca/2021/04/11/une-maison-brule-dans-la-nuit-a-saint-jerome/,2021-11-18 08:36:46,local
Saint-Jérôme,incendie,13,Réseau d'Information Municipale,Régie incendie des Monts - Un bilan positif pour la patrouille nautique de la RIDM,2021-10-22,27,https://rimq.qc.ca/article/municipal/categorie/police-feu/70/925812/un-bilan-positif-pour-la-patrouille-nautique-de-la-ridm.html,2021-11-18 08:36:46,local
Saint-Jérôme,incendie,14,Mon Matane,Éphémérides du 12 juin : un incendie détruit 90 bâtiments à Saint-Jean-de-Cherbourg en 1938,2021-06-12,159,https://monmatane.com/ephemerides-du-12-juin-un-incendie-detruit-90-batiments-a-saint-jean-de-cherbourg-en-1938/,2021-11-18 08:36:46,local
Saint-Jérôme,incendie,15,Le Journal de Montréal,[PHOTOS] Important incendie à Saint-Jérôme | JDM,,,https://www.journaldemontreal.com/2020/11/06/important-incendie-a-saint-jerome,2021-11-18 08:36:46,local
Saint-Jérôme,incendie,16,TopoLocal,Denis Rochon a réalisé son rêve d'être pompier en 1966 à Saint-Jérôme,2021-09-14,65,https://www.topolocal.ca/2021/09/14/denis-rochon-realise-reve-pompier-1966-saint-jerome/,2021-11-18 08:36:46,local
Saint-Jérôme,incendie,17,Journal Le Nord,Des bribes d'histoire sur les murs de l'ancienne caserne,2021-10-12,37,https://www.journallenord.com/des-bribes-dhistoire-sur-les-murs-de-lancienne-caserne/,2021-11-18 08:36:47,local
Saint-Jérôme,incendie,18,Journal Accès,Les pompiers de Mille-Îles auraient-ils pu intervenir à Bellefeuille ? - Accès Laurentides,2021-03-23,240,https://www.journalacces.ca/entraide-dincendie-de-nouvelles-ententes-regionales-pour-mieux-proteger-la-population/,2021-11-18 08:36:47,local
Saint-Jérôme,incendie,19,Réseau d'Information Municipale,Lac-Mégantic - Une première politique des conditions de travail pour les pompiers du Service de sécurité incendie Région Lac-Mégantic,2021-11-04,14,https://rimq.qc.ca/article/municipal/categorie/police-feu/70/928450/une-premiere-politique-des-conditions-de-travail-pour-les-pompiers-du-service-de-securite-incendie-region-lac-megantic.html,2021-11-18 08:36:47,local
Saint-Jérôme,incendie,20,TopoLocal,Possible début d'incendie criminel au centre-ville de Saint-Jérôme,2020-12-07,346,https://www.topolocal.ca/2020/12/07/possible-debut-incendie-criminel-centre-ville-saint-jerome/,2021-11-18 08:36:47,local
Saint-Jérôme,incendie,21,TopoLocal,Incendie au centre-ville de Saint-Jérôme,,,https://www.topolocal.ca/2020/06/13/incendie-au-centre-ville-de-saint-jerome/,2021-11-18 08:36:48,local
Saint-Jérôme,incendie,22,Journal Le Lac St-Jean,Boule de feu au-dessus du presbytère Saint-Jérôme,2021-01-22,300,https://lelacstjean.com/actualite/boule-de-feu-au-dessus-du-presbytere-saint-jerome/,2021-11-18 08:36:48,local
Saint-Jérôme,incendie,23,Ouest-France,Teloché. Calendrier 2022 : les enfants des pompiers à l’honneur,2021-11-17,1,https://www.ouest-france.fr/pays-de-la-loire/teloche-72220/teloche-calendrier-2022-les-enfants-des-pompiers-a-l-honneur-6ea8b276-46ea-11ec-a68f-ee96d5f5f09a,2021-11-18 08:36:48,local
Saint-Jérôme,incendie,24,TopoLocal,Une maison brûle sur la rue Cloutier à Bellefeuille,2020-12-10,343,https://www.topolocal.ca/2020/12/10/une-maison-brule-sur-la-rue-cloutier-a-bellefeuille/,2021-11-18 08:36:48,local
Saint-Jérôme,incendie,25,Journal Le Nord,Saint-Jérôme: (Re)découvrir son patrimoine bâti,2021-01-26,296,https://www.journallenord.com/saint-jerome-redecouvrir-son-patrimoine-bati/,2021-11-18 08:36:49,local
Saint-Jérôme,police OR Sûreté,1,La Presse,Saint-Jérôme | La SQ identifie la victime du délit de fuite,2021-10-30,19,https://www.lapresse.ca/actualites/justice-et-faits-divers/2021-10-30/saint-jerome/la-sq-identifie-la-victime-du-delit-de-fuite.php,2021-11-18 08:36:58,local
Saint-Jérôme,police OR Sûreté,2,TVA Nouvelles,Elle se présente au poste de police avec deux obus,2021-11-03,15,https://www.tvanouvelles.ca/2021/11/03/elle-se-presente-au-poste-de-police-avec-deux-obus,2021-11-18 08:36:58,local
Saint-Jérôme,police OR Sûreté,3,Le Journal de Montréal,La police traîne le Beach Club en cour,2021-11-03,15,https://www.journaldemontreal.com/2021/11/03/la-police-traine-le-beach-club-en-cour,2021-11-18 08:36:58,local
Saint-Jérôme,police OR Sûreté,4,ICI.Radio-Canada.ca,Des contrats d'asphaltage qui ne tiennent pas la route : affaire civile ou criminelle?,2021-11-09,9,https://ici.radio-canada.ca/nouvelle/1838233/asphalte-fraude-petites-creances-police-civil-criminel,2021-11-18 08:36:58,local
Saint-Jérôme,police OR Sûreté,5,Le Journal de Québec,Aucune entrée par effraction chez l'accusé de meurtre,2021-11-12,6,https://www.journaldequebec.com/2021/11/11/aucune-entree-par-effraction-chez-laccuse-de-meurtre,2021-11-18 08:36:59,local
Saint-Jérôme,police OR Sûreté,6,Réseau d'Information Municipale,Valcartier - Des pompiers sonnent l'alarme sur la sécurité à la base de Valcartier,2021-11-18,0,https://rimq.qc.ca/article/municipal/categorie/police-feu/70/931147/des-pompiers-sonnent-l-alarme-sur-la-securite-a-la-base-de-valcartier.html,2021-11-18 08:36:59,local
Saint-Jérôme,police OR Sûreté,7,ICI.Radio-Canada.ca,Une route pavée d'embûches pour des consommateurs? | Segment | La facture | ICI Radio-Canada.ca,2021-11-09,9,https://ici.radio-canada.ca/tele/la-facture/site/segments/reportage/378300/asphalte-st-jerome-fraude-travaux-police-plainte,2021-11-18 08:36:59,local
Saint-Jérôme,police OR Sûreté,8,Le Journal de Québec,Ado tué dans un délit de fuite: «Au moins la justice sera faite»,2021-10-27,22,https://www.journaldequebec.com/2021/10/27/deux-arrestations-en-lien-avec-le-delit-de-fuite-mortel-a-saint-lin-laurentides-1,2021-11-18 08:36:59,local
Saint-Jérôme,police OR Sûreté,9,Sûreté du Québec,Agressions sexuelles - Arrestation d'un homme de Saint-Adèle,2021-10-21,28,https://www.sq.gouv.qc.ca/communiques/agressions-sexuelles-arrestation-dun-homme-de-saint-adele/,2021-11-18 08:36:59,local
Saint-Jérôme,police OR Sûreté,10,TVA Nouvelles,"Coupable de menaces de mort contre Legault, Arruda et Trudeau",2021-11-17,1,https://www.tvanouvelles.ca/2021/11/17/coupable-de-menaces-de-mort-contre-legault-arruda-et-trudeau-1,2021-11-18 08:37:00,local
Saint-Jérôme,police OR Sûreté,11,Marsactu,Le nouveau commissariat des 13/14 sera construit à Saint-Jérôme,2021-11-16,2,https://marsactu.fr/bref/le-nouveau-commissariat-des-13-14-sera-construit-a-saint-jerome/,2021-11-18 08:37:00,local
Saint-Jérôme,police OR Sûreté,12,Journal Le Nord,Saint-Jérôme pourra conserver sa police mais...,2021-06-01,170,https://www.journallenord.com/saint-jerome-pourra-conserver-sa-police-mais/,2021-11-18 08:37:00,local
Saint-Jérôme,police OR Sûreté,13,Réseau d'Information Municipale,"Directeur des poursuites criminelles et pénales - Le DPCP annonce qu'il ne portera pas d'accusation dans le dossier de l'enquête indépendante instituée à la suite de l'événement survenu le 16 mars 2021 à Joliette, lors duquel un homm",2021-11-17,1,https://rimq.qc.ca/article/municipal/categorie/police-feu/70/930845/le-dpcp-annonce-qu-il-ne-portera-pas-d-accusation-dans-le-dossier-de-l-enquete-independante-instituee-a-la-suite-de-l-evenement-survenu-le-16-mars-2021-a-joliette-lors-duquel-un-homme-est-decede.html,2021-11-18 08:37:00,local
Saint-Jérôme,police OR Sûreté,14,La Presse,Saint-Jérôme | Un cycliste dans la vingtaine happé et traîné sur une dizaine de mètres,2021-10-12,37,https://www.lapresse.ca/actualites/justice-et-faits-divers/2021-10-12/saint-jerome/un-cycliste-dans-la-vingtaine-happe-et-traine-sur-une-dizaine-de-metres.php,2021-11-18 08:37:01,local
Saint-Jérôme,police OR Sûreté,15,Le Devoir,L'ascension pragmatique de la Coalition avenir Québec,2021-11-13,5,https://www.ledevoir.com/politique/quebec/647205/politique-quebecoise-une-ascension-pragmatique,2021-11-18 08:37:01,local
Saint-Jérôme,police OR Sûreté,16,La Presse,Frappes antidrogue à Montréal et dans les Laurentides,2021-09-23,56,https://www.lapresse.ca/actualites/justice-et-faits-divers/2021-09-23/frappes-antidrogue-a-montreal-et-dans-les-laurentides.php,2021-11-18 08:37:01,local
Saint-Jérôme,police OR Sûreté,17,TVA Nouvelles,Une femme grièvement blessée par une voiture à Saint-Jérôme,2021-09-11,68,https://www.tvanouvelles.ca/2021/09/11/une-femme-grievement-blessee-par-une-voiture-a-saint-jerome,2021-11-18 08:37:01,local
Saint-Jérôme,police OR Sûreté,18,Granby Express,«On ne veut pas aller avec la SQ»_le maire Pascal Bonin,2021-06-02,169,https://www.granbyexpress.com/2021/06/02/on-ne-veut-pas-aller-avec-la-sq_le-maire-pascal-bonin/,2021-11-18 08:37:01,local
Saint-Jérôme,police OR Sûreté,19,Journal Le Nord,Du soutien qui a changé sa vie,2021-11-02,16,https://www.journallenord.com/du-soutien-qui-a-change-sa-vie/,2021-11-18 08:37:02,local
Saint-Jérôme,police OR Sûreté,20,Journal Accès,Confidence avec Martin Pelland du Service de police de Saint-Jérôme - Accès Laurentides,2021-03-10,253,https://www.journalacces.ca/confidence-avec-martin-pelland-du-service-de-police-de-saint-jerome/,2021-11-18 08:37:02,local
Saint-Jérôme,police OR Sûreté,21,"98,5 fm",Saint-Jérôme | Le BEI enquête sur la mort d'un septuagénaire survenue en plein jour mardi,2021-03-30,233,https://www.985fm.ca/nouvelles/faits-divers/382773/saint-jerome-le-bei-enquete-sur-la-mort-d-un-septuagenaire-survenue-en-plein-jour-mardi,2021-11-18 08:37:02,local
Saint-Jérôme,police OR Sûreté,22,TopoLocal,Une poursuite policière se termine dans un arbre (et une roche) à Saint-Jérôme,2021-05-28,174,https://www.topolocal.ca/2021/05/28/une-poursuite-policiere-se-termine-dans-un-arbre-a-saint-jerome/,2021-11-18 08:37:02,local
Saint-Jérôme,police OR Sûreté,23,Journal Le Guide - Cowansville,Le comité sur la réalité policière suggère un transfert de la police de Bromont à la SQ,2021-05-26,176,https://www.journalleguide.com/2021/05/26/le-comite-sur-la-realite-policiere-suggere-un-transfert-de-la-police-de-bromont-a-la-sq/,2021-11-18 08:37:02,local
Saint-Jérôme,police OR Sûreté,24,La Presse,Itinérance | Cohabitation difficile à Saint-Jérôme | La Presse,2021-08-02,108,https://www.lapresse.ca/actualites/2021-08-02/itinerance/cohabitation-difficile-a-saint-jerome.php,2021-11-18 08:37:02,local
Saint-Jérôme,police OR Sûreté,25,TopoLocal,Opération policière antidrogue à Saint-Jérôme et Sainte-Anne-des-Lacs,2021-05-14,188,https://www.topolocal.ca/2021/05/14/operation-policiere-antidrogue-a-saint-jerome-et-sainte-anne-des-lacs/,2021-11-18 08:37:03,local
Saint-Jérôme,Cégep,1,Journal Accès,Henri Prévost : 50e du Cégep de Saint-Jérôme,2021-11-09,9,https://www.journalacces.ca/henri-prevost-50e-du-cegep-de-saint-jerome/,2021-11-18 08:37:12,local
Saint-Jérôme,Cégep,2,Journal Accès,Un guide de survie pour les étudiants,2021-11-16,2,https://www.journalacces.ca/un-guide-de-survie-pour-les-etudiants/,2021-11-18 08:37:12,local
Saint-Jérôme,Cégep,3,Journal Accès,Karel Mayrand : avoir un impact - Accès Laurentides,2021-11-02,16,https://www.journalacces.ca/karel-mayrand-avoir-un-impact/,2021-11-18 08:37:12,local
Saint-Jérôme,Cégep,4,Journal Accès,Former la relève de demain - Accès Laurentides,2021-10-26,23,https://www.journalacces.ca/former-la-releve-de-demain/,2021-11-18 08:37:12,local
Saint-Jérôme,Cégep,5,Réseau d'Information Municipale,Entente de partenariat régional en tourisme - Appui de près de 75 000 $ pour soutenir le développement touristique en Outaouais,2021-11-18,0,https://rimq.qc.ca/article/municipal/categorie/economie/68/931123/appui-de-pres-de-75-000-pour-soutenir-le-developpement-touristique-en-outaouais.html,2021-11-18 08:37:12,local
Saint-Jérôme,Cégep,6,Journal Accès,Les travailleuses sociales de demain - Accès Laurentides,2021-11-09,9,https://www.journalacces.ca/les-travailleuses-sociales-de-demain/,2021-11-18 08:37:13,local
Saint-Jérôme,Cégep,7,Journal Le Nord,360 Actualité: Édition du 3 novembre 2021,2021-11-03,15,https://www.journallenord.com/360-actualite-edition-du-3-novembre-2021/,2021-11-18 08:37:13,local
Saint-Jérôme,Cégep,8,Journal Accès,Hommage à nos brasseurs d'ici - Accès Laurentides,2021-11-09,9,https://www.journalacces.ca/hommage-a-nos-brasseurs-dici/,2021-11-18 08:37:13,local
Saint-Jérôme,Cégep,9,Réseau d'Information Municipale,Saint-Alphonse-Rodriguez - Création d'un comité de travail sur la navigation de plaisance,2021-11-18,0,https://rimq.qc.ca/article/municipal/categorie/generale/11/931139/creation-d-un-comite-de-travail-sur-la-navigation-de-plaisance.html,2021-11-18 08:37:13,local
Saint-Jérôme,Cégep,10,Réseau d'Information Municipale,Saint-Denis-de-Brompton - 1ère municipalité de la MRC à être l'hôte d'une consultation jeunesse,2021-11-18,0,https://rimq.qc.ca/article/municipal/categorie/familles/78/931028/1ere-municipalite-de-la-mrc-a-etre-l-hote-d-une-consultation-jeunesse.html,2021-11-18 08:37:13,local
Saint-Jérôme,Cégep,11,Réseau d'Information Municipale,Association pulmonaire du Québec - Un nouvel outil pour connaître les taux de radon dans votre quartier,2021-11-18,0,https://rimq.qc.ca/article/municipal/categorie/sante/77/931173/un-nouvel-outil-pour-connaitre-les-taux-de-radon-dans-votre-quartier.html,2021-11-18 08:37:14,local
Saint-Jérôme,Cégep,12,Réseau d'Information Municipale,Côte-Nord - Le centre communautaire de Matimekush-Lac John détruit à la suite d'un incendie,2021-11-18,0,https://rimq.qc.ca/article/municipal/categorie/generale/11/931025/le-centre-communautaire-de-matimekush-lac-john-detruit-a-la-suite-d-un-incendie.html,2021-11-18 08:37:14,local
Saint-Jérôme,Cégep,13,Réseau d'Information Municipale,La Sarre - Nouvelle entente entre la MRC d'Abitibi-Ouest et l'UQAT pour soutenir la recherche sur son territoire,2021-11-18,0,https://rimq.qc.ca/article/municipal/categorie/generale/11/931018/nouvelle-entente-entre-la-mrc-d-abitibi-ouest-et-l-uqat-pour-soutenir-la-recherche-sur-son-territoire.html,2021-11-18 08:37:14,local
Saint-Jérôme,Cégep,14,Journal Le Nord,Une âme créative,2021-11-09,9,https://www.journallenord.com/une-ame-creative/,2021-11-18 08:37:14,local
Saint-Jérôme,Cégep,15,Ouest-France,Le collège de Saint-Aubin-du-Cormier entièrement rénové et agrandi d'ici 2025,2021-11-17,1,https://www.ouest-france.fr/bretagne/saint-aubin-du-cormier-35140/saint-aubin-du-cormier-le-college-entierement-renove-et-agrandi-d-ici-2025-378785a4-47af-11ec-adcb-13dc6f47ae64,2021-11-18 08:37:15,local
Saint-Jérôme,Cégep,16,Réseau d'Information Municipale,Assemblée nationale du Québec - Le climat de travail à l'Assemblée nationale : une préoccupation quotidienne,2021-11-18,0,https://rimq.qc.ca/article/municipal/categorie/relations-de-travail/76/931249/le-climat-de-travail-a-l-assemblee-nationale-une-preoccupation-quotidienne.html,2021-11-18 08:37:15,local
Saint-Jérôme,Cégep,17,Réseau d'Information Municipale,Institut de la statistique du Québec - Baisse de 84 % de la fréquentation des salles de spectacle en 2020,2021-11-18,0,https://rimq.qc.ca/article/municipal/categorie/culture/12/931020/baisse-de-84-de-la-frequentation-des-salles-de-spectacle-en-2020.html,2021-11-18 08:37:15,local
Saint-Jérôme,Cégep,18,Réseau d'Information Municipale,Association des médecins vétérinaires du Québec - Une première : plus de la moitié des ménages du Québec possèdent désormais un chat ou un chien,2021-11-18,0,https://rimq.qc.ca/article/municipal/categorie/animaux/107/931133/une-premiere-plus-de-la-moitie-des-menages-du-quebec-possedent-desormais-un-chat-ou-un-chien.html,2021-11-18 08:37:15,local
Saint-Jérôme,Cégep,19,Réseau d'Information Municipale,Nouveau portrait de l'Observatoire des tout-petits - Comment se portent les tout-petits et quel est l'impact de la pandémie dans leur vie?,2021-11-18,0,https://rimq.qc.ca/article/municipal/categorie/familles/78/930856/comment-se-portent-les-tout-petits-et-quel-est-l-impact-de-la-pandemie-dans-leur-vie-.html,2021-11-18 08:37:15,local
Saint-Jérôme,Cégep,20,Réseau d'Information Municipale,MRC des Appalaches - Lancement de l'appel à projets Fonds régions et ruralité - Volet 2 pour les organismes à but non lucratif et les coopératives,2021-11-18,0,https://rimq.qc.ca/article/municipal/categorie/finance/80/931019/lancement-de-l-appel-a-projets-fonds-regions-et-ruralite-volet-2-pour-les-organismes-a-but-non-lucratif-et-les-cooperatives-.html,2021-11-18 08:37:16,local
Saint-Jérôme,Cégep,21,Réseau d'Information Municipale,Gouvernement du Canada - Financement destiné à préserver la diversité et la richesse du patrimoine autochtone,2021-11-18,0,https://rimq.qc.ca/article/municipal/categorie/culture/12/931230/financement-destine-a-preserver-la-diversite-et-la-richesse-du-patrimoine-autochtone.html,2021-11-18 08:37:16,local
Saint-Jérôme,Cégep,22,Réseau d'Information Municipale,Gouvernement du Québec - Québec adopte un règlement afin d'éliminer le recours au mazout pour le chauffage résidentiel,2021-11-18,0,https://rimq.qc.ca/article/municipal/categorie/environnement/13/931124/quebec-adopte-un-reglement-afin-d-eliminer-le-recours-au-mazout-pour-le-chauffage-residentiel.html,2021-11-18 08:37:16,local
Saint-Jérôme,Cégep,23,Réseau d'Information Municipale,Électrification des transports - Le MTQ en quête d'une façon de remplacer les revenus de la taxe sur l'essence,2021-11-18,0,https://rimq.qc.ca/article/municipal/categorie/finance/80/931247/le-mtq-en-quete-d-une-facon-de-remplacer-les-revenus-de-la-taxe-sur-l-essence.html,2021-11-18 08:37:16,local
Saint-Jérôme,Cégep,24,Journal Accès,Volleyball scolaire - Accès Laurentides,2021-11-16,2,https://www.journalacces.ca/gaetan-nadeau-developpe-deux-equipes-feminines-de-talent-a-lecole-a-n-morin/,2021-11-18 08:37:16,local
Saint-Jérôme,Cégep,25,Réseau d'Information Municipale,"Organisme de bassin versant Matapédia-Restigouche - Un Plan Directeur de l'Eau à jour, et accessible à tous!",2021-11-18,0,https://rimq.qc.ca/article/municipal/categorie/environnement/13/931009/un-plan-directeur-de-l-eau-a-jour-et-accessible-a-tous-.html,2021-11-18 08:37:17,local
Saint-Jérôme,"""Centre de services scolaire"" OR ""Commission scolaire""",1,TopoLocal,Nouvelle école secondaire de 1256 places pour la rentrée 2023 à Saint-Jérôme,2021-11-16,2,https://www.topolocal.ca/2021/11/16/nouvelle-ecole-secondaire-de-1256-places-pour-la-rentree-2023-a-saint-jerome/,2021-11-18 08:37:25,local
Saint-Jérôme,"""Centre de services scolaire"" OR ""Commission scolaire""",2,Journal Le Nord,Les travaux de construction sont débutés,2021-11-16,2,https://www.journallenord.com/les-travaux-de-construction-sont-debutes/,2021-11-18 08:37:25,local
Saint-Jérôme,"""Centre de services scolaire"" OR ""Commission scolaire""",3,La Presse,Écoles de Montréal | Un exode « étonnant » | La Presse,2021-11-02,16,https://www.lapresse.ca/actualites/education/2021-11-02/ecoles-de-montreal/un-exode-etonnant.php,2021-11-18 08:37:25,local
Saint-Jérôme,"""Centre de services scolaire"" OR ""Commission scolaire""",4,Le Journal de Montréal,Cafétéria trop petite: les élèves contraints de manger par terre,2021-11-03,15,https://www.journaldemontreal.com/2021/11/03/des-eleves-contraints-de-manger-par-terre,2021-11-18 08:37:26,local
Saint-Jérôme,"""Centre de services scolaire"" OR ""Commission scolaire""",5,VIVA média,L'électrification des autobus scolaires se poursuit dans Soulanges | VIVA MÉDIA,2021-11-18,0,https://www.viva-media.ca/la-voix-regionale-vaudreuil-soulanges/actualite-vs/regionale-vs/lelectrification-des-autobus-scolaires-se-poursuit-dans-soulanges/,2021-11-18 08:37:26,local
Saint-Jérôme,"""Centre de services scolaire"" OR ""Commission scolaire""",6,TopoLocal,La commission scolaire de Saint-Jérôme racontée par Yvon Robert,2021-03-05,258,https://www.topolocal.ca/2021/03/05/commission-scolaire-de-saint-jerome-racontee-par-yvon-robert/,2021-11-18 08:37:26,local
Saint-Jérôme,"""Centre de services scolaire"" OR ""Commission scolaire""",7,L'Éveil et La Concorde,Centurions de la PDM: Une saison record pour l'équipe de football benjamine - Journal L'Éveil de Saint-Eustache,2021-11-01,17,https://www.leveil.com/sports/centurions-de-la-pdm-une-saison-record-pour-lequipe-de-football-benjamine,2021-11-18 08:37:26,local
Saint-Jérôme,"""Centre de services scolaire"" OR ""Commission scolaire""",8,La Presse,"Commande potentielle de 1000 autobus | D'un seul coup, Lion pourrait plus que doubler son carnet de commandes",2021-10-25,24,https://www.lapresse.ca/affaires/entreprises/2021-10-25/commande-potentielle-de-1000-autobus/d-un-seul-coup-lion-pourrait-plus-que-doubler-son-carnet-de-commandes.php,2021-11-18 08:37:26,local
Saint-Jérôme,"""Centre de services scolaire"" OR ""Commission scolaire""",9,TopoLocal,La directrice générale du Centre de services scolaire de la Rivière-du-Nord à la retraite d'ici la fin de l'année,2021-02-24,267,https://www.topolocal.ca/2021/02/24/directrice-generale-du-centre-de-services-scolaire-de-la-riviere-du-nord-a-la-retraite-ici-la-fin-de-lannee/,2021-11-18 08:37:27,local
Saint-Jérôme,"""Centre de services scolaire"" OR ""Commission scolaire""",10,La Nouvelle Union,Les actions en santé et mieux-être de WestRock soulignées,2021-10-26,23,https://www.lanouvelle.net/2021/10/26/les-actions-en-sante-et-mieux-etre-de-westrock-soulignees/,2021-11-18 08:37:27,local
Saint-Jérôme,"""Centre de services scolaire"" OR ""Commission scolaire""",11,TopoLocal,Le Centre de formation des adultes de Saint-Jérôme déménage dans l'ancien Sears pour 10 ans,2021-05-20,182,https://www.topolocal.ca/2021/05/20/le-centre-formation-des-adultes-de-saint-jerome-demenage-dans-lancien-sears-pour-10-ans/,2021-11-18 08:37:27,local
Saint-Jérôme,"""Centre de services scolaire"" OR ""Commission scolaire""",12,Mon Matane,Éphémérides du 20 octobre : la Boulangerie Pelletier de Matane fête ses 60 ans en 1963,2021-10-20,29,https://monmatane.com/ephemerides-du-20-octobre-la-boulangerie-pelletier-de-matane-fete-ses-60-ans-en-1963/,2021-11-18 08:37:27,local
Saint-Jérôme,"""Centre de services scolaire"" OR ""Commission scolaire""",13,Journal Accès,Nouvelle grève les 26 et 27 mai 2021- Fermeture des écoles - Accès Laurentides,2021-05-21,181,https://www.journalacces.ca/nouvelle-greve-les-26-et-27-mai-2021-fermeture-des-ecoles/,2021-11-18 08:37:27,local
Saint-Jérôme,"""Centre de services scolaire"" OR ""Commission scolaire""",14,La Presse,Tempête de neige | Plusieurs écoles du Québec fermées,2021-02-16,275,https://www.lapresse.ca/actualites/education/2021-02-16/tempete-de-neige/plusieurs-ecoles-du-quebec-fermees.php,2021-11-18 08:37:28,local
Saint-Jérôme,"""Centre de services scolaire"" OR ""Commission scolaire""",15,Journal Accès,Prévost aura son école secondaire - Accès Laurentides,2021-06-22,149,https://www.journalacces.ca/prevost-aura-son-ecole-secondaire/,2021-11-18 08:37:28,local
Saint-Jérôme,"""Centre de services scolaire"" OR ""Commission scolaire""",16,TopoLocal,La fusion des commissions scolaires: le sort en est jeté,,,https://www.topolocal.ca/2014/11/25/fusion-commission-scolaire-csrdn-laurentides/,2021-11-18 08:37:28,local
Saint-Jérôme,"""Centre de services scolaire"" OR ""Commission scolaire""",17,Journal Le Nord,"Trois nouvelles écoles seront construites à Saint-Jérôme, en 2022-2023",,,https://www.journallenord.com/trois-nouvelles-ecoles-seront-construites-a-saint-jerome-een-2022-2023/,2021-11-18 08:37:29,local
Saint-Jérôme,"""Centre de services scolaire"" OR ""Commission scolaire""",18,Le Journal de Québec,Palmarès des commissions scolaires: les meilleures et les pires,,,https://www.journaldequebec.com/2020/01/06/des-commissions-scolaires-qui-sameliorent,2021-11-18 08:37:29,local
Saint-Jérôme,"""Centre de services scolaire"" OR ""Commission scolaire""",19,Le Journal de Montréal,Vaccination: un dépliant mensonger distribué auprès d'adolescents,2021-06-12,159,https://www.journaldemontreal.com/2021/06/12/vaccination-depliant-mensonger-denonce,2021-11-18 08:37:29,local
Saint-Jérôme,"""Centre de services scolaire"" OR ""Commission scolaire""",20,Le Journal de Québec,La fermeture des écoles crée une onde de choc,2021-03-31,232,https://www.journaldequebec.com/2021/03/31/la-fermeture-des-ecoles-cree-une-onde-de-choc,2021-11-18 08:37:29,local
Saint-Jérôme,"""Centre de services scolaire"" OR ""Commission scolaire""",21,La Presse,De retour sur les bancs d'école,2021-01-18,304,https://www.lapresse.ca/actualites/education/2021-01-18/de-retour-sur-les-bancs-d-ecole.php,2021-11-18 08:37:30,local
Saint-Jérôme,"""Centre de services scolaire"" OR ""Commission scolaire""",22,Journal Le Nord,Nutri-Déli réalise 7000 repas par semaine,2021-08-24,86,https://www.journallenord.com/nutri-deli-realise-7000-repas-par-semaine/,2021-11-18 08:37:30,local
Saint-Jérôme,"""Centre de services scolaire"" OR ""Commission scolaire""",23,ICI.Radio-Canada.ca,Fusion des commissions scolaires : l'avenir des écoles de village incertain,,,https://ici.radio-canada.ca/nouvelle/707699/fusion-commissions-scolaires-inquietudes,2021-11-18 08:37:30,local
Saint-Jérôme,"""Centre de services scolaire"" OR ""Commission scolaire""",24,TopoLocal,Le Centre de services scolaire de la Rivière-du-Nord cherche des citoyens pour son conseil d'administration,,,https://www.topolocal.ca/2020/09/01/centre-de-services-scolaire-riviere-du-nord-cherche-des-citoyens-pour-son-conseil-dadministration/,2021-11-18 08:37:30,local
Saint-Jérôme,"""Centre de services scolaire"" OR ""Commission scolaire""",25,Journal Le Nord,Rentrée normale après plusieurs embuches,2021-09-14,65,https://www.journallenord.com/retour-a-la-normale-apres-une-rentree-parsemee-dembuches/,2021-11-18 08:37:30,local
Saint-Jérôme,CISSS OR CIUSSS,1,L'Éveil et La Concorde,Cas actifs de COVID-19: Mirabel encore première... - Journal L'Éveil de Saint-Eustache,2021-11-16,2,https://www.leveil.com/actualites/cas-actifs-de-covid-19-mirabel-encore-premiere,2021-11-18 08:37:38,local
Saint-Jérôme,CISSS OR CIUSSS,2,Radio-Canada.ca,Chirurgies au privé : Québec veut freiner l'octroi de nouveaux permis,2021-11-03,15,https://ici.radio-canada.ca/nouvelle/1837041/chirurgie-prive-permis-quebec-freiner-saint-jerome-infirmieres,2021-11-18 08:37:39,local
Saint-Jérôme,CISSS OR CIUSSS,3,Le Journal de Montréal,Des travailleurs de la santé de l'hôpital de Saint-Jérôme craignent pour leur sécurité,2021-10-27,22,https://www.journaldemontreal.com/2021/10/27/les-travailleurs-de-lhopital-de-saint-jerome-craignent-pour-leur-securite,2021-11-18 08:37:39,local
Saint-Jérôme,CISSS OR CIUSSS,4,Journal Accès,"les mutations au privé portent fruit, selon le CISSS",2021-11-02,16,https://www.journalacces.ca/les-mutations-au-prive-portent-fruit-selon-le-cisss/,2021-11-18 08:37:39,local
Saint-Jérôme,CISSS OR CIUSSS,5,L'Éveil et La Concorde,Lancement de la deuxième édition de «Respire. Laisse pas ton stress avoir le dernier mot!» - Journal L'Éveil de Saint-Eustache,2021-11-16,2,https://www.leveil.com/actualites/lancement-de-la-deuxieme-edition-de-respire-laisse-pas-ton-stress-avoir-le-dernier-mot,2021-11-18 08:37:39,local
Saint-Jérôme,CISSS OR CIUSSS,6,TopoLocal,Examens du pancréas et de la vésicule biliaire maintenant offerts à l'Hôpital de Saint-Jérôme pour les personnes des Laurentides,2021-10-19,30,https://www.topolocal.ca/2021/10/19/examens-pancreas-et-vesicule-biliaire-maintenant-offerts-hopital-saint-jerome-pour-les-patients-des-laurentides/,2021-11-18 08:37:40,local
Saint-Jérôme,CISSS OR CIUSSS,7,Journal Accès,Il manque de logements dans les Laurentides,2021-10-19,30,https://www.journalacces.ca/il-manque-de-logements-dans-les-laurentides/,2021-11-18 08:37:40,local
Saint-Jérôme,CISSS OR CIUSSS,8,Journal Le Nord,Saint-Jérôme : La Maison des Parents lance un cri du cœur,2021-11-02,16,https://www.journallenord.com/saint-jerome-la-maison-des-parents-lance-un-cri-du-coeur/,2021-11-18 08:37:40,local
Saint-Jérôme,CISSS OR CIUSSS,9,Journal Accès,Nuit des sans-abri - Accès Laurentides,2021-10-19,30,https://www.journalacces.ca/nuit-des-sans-abri-pas-de-rassemblement-mais-plus-important-que-jamais/,2021-11-18 08:37:40,local
Saint-Jérôme,CISSS OR CIUSSS,10,La Nouvelle Union,Les actions en santé et mieux-être de WestRock soulignées,2021-10-26,23,https://www.lanouvelle.net/2021/10/26/les-actions-en-sante-et-mieux-etre-de-westrock-soulignees/,2021-11-18 08:37:40,local
Saint-Jérôme,CISSS OR CIUSSS,11,Journal Accès,Enfants en réadaptation : Apprendre à vivre - Accès Laurentides,2021-10-26,23,https://www.journalacces.ca/enfants-en-readaptation-apprendre-a-vivre/,2021-11-18 08:37:41,local
Saint-Jérôme,CISSS OR CIUSSS,12,Le Droit,Collation des grades en personne à l'UQO: «ça n'a pas de prix»,2021-11-17,1,https://www.ledroit.com/2021/11/17/collation-des-grades-en-personne-a-luqo-ca-na-pas-de-prix-fd2eee52fe195d28a1861b4b1d10437b,2021-11-18 08:37:41,local
Saint-Jérôme,CISSS OR CIUSSS,13,La Presse,Congestion généralisée dans les hôpitaux du Grand Montréal,2021-10-27,22,https://www.lapresse.ca/actualites/sante/2021-10-27/congestion-generalisee-dans-les-hopitaux-du-grand-montreal.php,2021-11-18 08:37:41,local
Saint-Jérôme,CISSS OR CIUSSS,14,Le Journal de Montréal,Un nouveau complexe laid... et digne du futur,2021-02-27,264,https://www.journaldemontreal.com/2021/02/27/un-nouveau-complexe-laid-et-digne-du-futur,2021-11-18 08:37:41,local
Saint-Jérôme,CISSS OR CIUSSS,15,TVA Nouvelles,Les urgences de Saint-Jérôme et de Saint-Eustache à éviter,2021-07-25,116,https://www.tvanouvelles.ca/2021/07/25/les-urgences-de-saint-jerome-et-de-saint-eustache-a-eviter,2021-11-18 08:37:41,local
Saint-Jérôme,CISSS OR CIUSSS,16,TopoLocal,Le test de dépistage COVID par la salive maintenant accessible dans la région,2021-03-17,246,https://www.topolocal.ca/2021/03/17/le-test-de-depistage-covid-par-la-salive-maintenant-accessible-dans-la-region/,2021-11-18 08:37:42,local
Saint-Jérôme,CISSS OR CIUSSS,17,La Presse,Manque de personnel | Deux hôpitaux détournent les ambulances de leurs urgences,2021-09-16,63,https://www.lapresse.ca/actualites/sante/2021-09-16/manque-de-personnel/deux-hopitaux-detournent-les-ambulances-de-leurs-urgences.php,2021-11-18 08:37:42,local
Saint-Jérôme,CISSS OR CIUSSS,18,Journal Accès,Essais cliniques : Le CISSS contribue aux efforts internationaux - Accès Laurentides,2021-05-04,198,https://www.journalacces.ca/essais-cliniques-le-cisss-contribue-aux-efforts-internationaux/,2021-11-18 08:37:42,local
Saint-Jérôme,CISSS OR CIUSSS,19,ICI.Radio-Canada.ca,Hôpital de Saint-Jérôme : retard de plus de 2 mois pour l'ajout de 57 lits temporaires | Coronavirus,2021-01-22,300,https://ici.radio-canada.ca/nouvelle/1765005/hospitalisation-batiment-vetuste-soins-pandemie-coronavirus,2021-11-18 08:37:42,local
Saint-Jérôme,CISSS OR CIUSSS,20,Le Journal de Montréal,COVID-19: des patients de l'Outaouais transférés dans les Laurentides,2021-04-20,212,https://www.journaldemontreal.com/2021/04/20/covid-19-des-patients-de-loutaouais-transferes-dans-les-laurentides,2021-11-18 08:37:43,local
Saint-Jérôme,CISSS OR CIUSSS,21,Journal Accès,Le CISSS des Laurentides comptera huit sites de vaccination - Accès Laurentides,2021-02-16,275,https://www.journalacces.ca/le-cisss-des-laurentides-comptera-huit-sites-de-vaccination/,2021-11-18 08:37:43,local
Saint-Jérôme,CISSS OR CIUSSS,22,Radio-Canada.ca,L'activité chirurgicale à son plus bas depuis des mois | Coronavirus,2021-09-15,64,https://ici.radio-canada.ca/nouvelle/1824201/hopital-chirurgie-dube-ministre-quebec,2021-11-18 08:37:43,local
Saint-Jérôme,CISSS OR CIUSSS,23,ICI.Radio-Canada.ca,76 patients sont morts après avoir contracté la COVID-19 à l'hôpital de Saint-Jérôme | Coronavirus,,,https://ici.radio-canada.ca/nouvelle/1751862/laurentides-hopital-saint-jerome-76-morts-covid-19,2021-11-18 08:37:44,local
Saint-Jérôme,CISSS OR CIUSSS,24,Le Journal de Montréal,Les urgences des Laurentides toujours à éviter,2021-08-01,109,https://www.journaldemontreal.com/2021/08/01/les-urgences-des-laurentides-toujours-a-eviter,2021-11-18 08:37:44,local
Saint-Jérôme,CISSS OR CIUSSS,25,NecrologieCanada,MORIN Laurent 1932 2021,2021-11-15,3,https://necrocanada.com/deces-2021/morin-laurent-1932-2021/,2021-11-18 08:37:44,local
Saint-Jérôme,maire OR mairesse,1,La Presse,Élections municipales | Saint-Jérôme renoue avec la course à la mairie,2021-10-30,19,https://www.lapresse.ca/actualites/regional/2021-10-30/elections-municipales/saint-jerome-renoue-avec-la-course-a-la-mairie.php,2021-11-18 08:37:52,local
Saint-Jérôme,maire OR mairesse,2,La Presse,Élections municipales | Autour de Montréal : entre nouveauté et continuité,2021-11-08,10,https://www.lapresse.ca/actualites/grand-montreal/2021-11-08/elections-municipales/autour-de-montreal-entre-nouveaute-et-continuite.php,2021-11-18 08:37:52,local
Saint-Jérôme,maire OR mairesse,3,Journal Le Nord,Mairie de Saint-Jérôme : Faites votre choix,2021-10-19,30,https://www.journallenord.com/mairie-faites-votre-choix/,2021-11-18 08:37:53,local
Saint-Jérôme,maire OR mairesse,4,TopoLocal,« Quel futur maire de Saint-Jérôme se battra pour que notre région cesse de servir de poubelle du Québec ? »,2021-10-29,20,https://www.topolocal.ca/2021/10/29/quel-futur-maire-de-saint-jerome-se-battra-pour-que-notre-region-cesse-de-servir-de-poubelle-du-quebec/,2021-11-18 08:37:53,local
Saint-Jérôme,maire OR mairesse,5,TVA Nouvelles,Les résultats des municipales partout au Québec,2021-11-07,11,https://www.tvanouvelles.ca/2021/11/07/en-direct--les-resultats-ailleurs-au-quebec,2021-11-18 08:37:53,local
Saint-Jérôme,maire OR mairesse,6,ICI.Radio-Canada.ca,Stéphane Boyer élu maire de Laval,2021-11-07,11,https://ici.radio-canada.ca/nouvelle/1838024/laval-couronne-nord-elections-municipales-2021,2021-11-18 08:37:53,local
Saint-Jérôme,maire OR mairesse,7,TopoLocal,Un nouveau conseil municipal à Saint-Jérôme composé de huit recrues et cinq vétérans,2021-11-09,9,https://www.topolocal.ca/2021/11/09/un-nouveau-conseil-municipal-a-saint-jerome-compose-de-huit-recrues-et-cinq-veterans/,2021-11-18 08:37:54,local
Saint-Jérôme,maire OR mairesse,8,TVA Nouvelles,Des luttes à finir dans plusieurs villes,2021-11-07,11,https://www.tvanouvelles.ca/2021/11/07/des-luttes-a-finir-dans-plusieurs-villes-1,2021-11-18 08:37:54,local
Saint-Jérôme,maire OR mairesse,9,TopoLocal,Janice Bélair-Rolland a quitté la mairie de Saint-Jérôme en emportant la page Facebook,2021-11-16,2,https://www.topolocal.ca/2021/11/16/janice-belair-rolland-a-quitte-la-mairie-de-saint-jerome-en-emportant-la-page-facebook/,2021-11-18 08:37:54,local
Saint-Jérôme,maire OR mairesse,10,ICI.Radio-Canada.ca,Les couteaux volent bas aux Pays-d'en-Haut,2021-10-29,20,https://ici.radio-canada.ca/nouvelle/1835324/croix-sainte-adele-elections-briere-lupien-pays-en-haut-laurentides,2021-11-18 08:37:54,local
Saint-Jérôme,maire OR mairesse,11,Le Journal de Montréal,Rive-Nord de Montréal: une lutte serrée à trois candidats à Laval,2021-11-06,12,https://www.journaldemontreal.com/2021/11/06/rive-nord-de-montreal-une-lutte-serree-a-trois-candidats-a-laval,2021-11-18 08:37:54,local
Saint-Jérôme,maire OR mairesse,12,Journal Le Nord,Saint-Jérôme devra prendre son mal en patience,2021-10-19,30,https://www.journallenord.com/saint-jerome-devra-prendre-son-mal-en-patience/,2021-11-18 08:37:55,local
Saint-Jérôme,maire OR mairesse,13,La Presse,Procès avorté de l'ex-maire de Terrebonne | Le DPCP interjette appel,2021-11-16,2,https://www.lapresse.ca/actualites/justice-et-faits-divers/2021-11-16/proces-avorte-de-l-ex-maire-de-terrebonne/le-dpcp-interjette-appel.php,2021-11-18 08:37:55,local
Saint-Jérôme,maire OR mairesse,14,Le Journal de Québec,Élections municipales: suspense et luttes serrées | JDQ,2021-11-03,15,https://www.journaldequebec.com/2021/11/03/elections-municipales-suspense-et-luttes-serrees,2021-11-18 08:37:55,local
Saint-Jérôme,maire OR mairesse,15,Journal Accès,Éditorial : Qui vote? - Accès Laurentides,2021-11-16,2,https://www.journalacces.ca/qui-vote/,2021-11-18 08:37:55,local
Saint-Jérôme,maire OR mairesse,16,Journal Le Nord,À quand le parachèvement de la rue Schulz vers Sainte-Sophie?,2021-11-16,2,https://www.journallenord.com/a-quand-le-parachevement-de-la-rue-schulz-vers-sainte-sophie/,2021-11-18 08:37:55,local
Saint-Jérôme,maire OR mairesse,17,TopoLocal,Nouvelle école secondaire de 1256 places pour la rentrée 2023 à Saint-Jérôme,2021-11-16,2,https://www.topolocal.ca/2021/11/16/nouvelle-ecole-secondaire-de-1256-places-pour-la-rentree-2023-a-saint-jerome/,2021-11-18 08:37:56,local
Saint-Jérôme,maire OR mairesse,18,Mon Matane,Éphémérides du 7 novembre : Denise Gentil devient la première mairesse de Matane en 1993,2021-11-07,11,https://monmatane.com/ephemerides-du-7-novembre-denise-gentil-devient-la-premiere-mairesse-de-matane-en-1993/,2021-11-18 08:37:56,local
Saint-Jérôme,maire OR mairesse,19,Le Devoir,"L'ex-maire de Terrebonne, Jean-Marc Robitaille, obtient un arrêt des procédures",2021-10-19,30,https://www.ledevoir.com/societe/641103/l-ex-maire-de-terrebonne-jean-marc-robitaille-obtient-un-arret-des-procedures,2021-11-18 08:37:57,local
Saint-Jérôme,maire OR mairesse,20,Journal Le Nord,Les travaux de construction sont débutés,2021-11-16,2,https://www.journallenord.com/les-travaux-de-construction-sont-debutes/,2021-11-18 08:37:57,local
Saint-Jérôme,maire OR mairesse,21,TopoLocal,On ne devrait pas écrire sur la politique avec des gants de hockey,2021-11-06,12,https://www.topolocal.ca/2021/11/06/on-ne-devrait-pas-ecrire-sur-la-politique-avec-des-gants-de-hockey/,2021-11-18 08:37:57,local
Saint-Jérôme,maire OR mairesse,22,Journal Le Nord,Des citoyens du secteur Bellefeuille veulent une caserne neuve et des pompiers permanents,2021-11-02,16,https://www.journallenord.com/des-citoyens-du-secteur-bellefeuille-veulent-une-caserne-neuve-et-des-pompiers-permanents/,2021-11-18 08:37:58,local
Saint-Jérôme,maire OR mairesse,23,Québec Hebdo,La parole est aux candidats municipaux,2021-10-29,20,https://www.quebechebdo.com/local/journal-charlesbourg-express/294080/la-parole-est-aux-candidats-municipaux/,2021-11-18 08:37:58,local
Saint-Jérôme,maire OR mairesse,24,Ouest-France,Le collège de Saint-Aubin-du-Cormier entièrement rénové et agrandi d'ici 2025,2021-11-17,1,https://www.ouest-france.fr/bretagne/saint-aubin-du-cormier-35140/saint-aubin-du-cormier-le-college-entierement-renove-et-agrandi-d-ici-2025-378785a4-47af-11ec-adcb-13dc6f47ae64,2021-11-18 08:37:58,local
Saint-Jérôme,maire OR mairesse,25,Le Journal de Montréal,L'ex-maire de Saint-Jérôme dirigeait sans en avoir le droit,2021-02-19,272,https://www.journaldemontreal.com/2021/02/19/saint-jerome-doit-revoir-les-decisions-de-son-maire-dechu,2021-11-18 08:37:58,local
Saint-Jérôme,candidat,1,Journal Le Nord,Mairie de Saint-Jérôme : Faites votre choix,2021-10-19,30,https://www.journallenord.com/mairie-faites-votre-choix/,2021-11-18 08:38:07,local
Saint-Jérôme,candidat,2,La Presse,Élections municipales | Saint-Jérôme renoue avec la course à la mairie,2021-10-30,19,https://www.lapresse.ca/actualites/regional/2021-10-30/elections-municipales/saint-jerome-renoue-avec-la-course-a-la-mairie.php,2021-11-18 08:38:07,local
Saint-Jérôme,candidat,3,TopoLocal,Un nouveau conseil municipal à Saint-Jérôme composé de huit recrues et cinq vétérans,2021-11-09,9,https://www.topolocal.ca/2021/11/09/un-nouveau-conseil-municipal-a-saint-jerome-compose-de-huit-recrues-et-cinq-veterans/,2021-11-18 08:38:07,local
Saint-Jérôme,candidat,4,TopoLocal,"Louis-Philippe Beaulieu, un candidat indépendant qui veut se faire un prénom",2021-10-30,19,https://www.topolocal.ca/2021/10/30/louis-philippe-beaulieu-un-candidat-independant-qui-veut-se-faire-un-prenom/,2021-11-18 08:38:08,local
Saint-Jérôme,candidat,5,Journal Le Nord,«Ça prend un musée de l'histoire de Saint-Jérôme»,2021-10-26,23,https://www.journallenord.com/ca-prend-un-musee-de-lhistoire-de-saint-jerome/,2021-11-18 08:38:08,local
Saint-Jérôme,candidat,6,La Presse,Élections municipales | Autour de Montréal : entre nouveauté et continuité,2021-11-08,10,https://www.lapresse.ca/actualites/grand-montreal/2021-11-08/elections-municipales/autour-de-montreal-entre-nouveaute-et-continuite.php,2021-11-18 08:38:08,local
Saint-Jérôme,candidat,7,ICI.Radio-Canada.ca,Stéphane Boyer élu maire de Laval,2021-11-07,11,https://ici.radio-canada.ca/nouvelle/1838024/laval-couronne-nord-elections-municipales-2021,2021-11-18 08:38:08,local
Saint-Jérôme,candidat,8,TopoLocal,« Quel futur maire de Saint-Jérôme se battra pour que notre région cesse de servir de poubelle du Québec ? »,2021-10-29,20,https://www.topolocal.ca/2021/10/29/quel-futur-maire-de-saint-jerome-se-battra-pour-que-notre-region-cesse-de-servir-de-poubelle-du-quebec/,2021-11-18 08:38:08,local
Saint-Jérôme,candidat,9,Le Journal de Montréal,Rive-Nord de Montréal: une lutte serrée à trois candidats à Laval,2021-11-06,12,https://www.journaldemontreal.com/2021/11/06/rive-nord-de-montreal-une-lutte-serree-a-trois-candidats-a-laval,2021-11-18 08:38:09,local
Saint-Jérôme,candidat,10,Journal Accès,Éditorial : Qui vote? - Accès Laurentides,2021-11-16,2,https://www.journalacces.ca/qui-vote/,2021-11-18 08:38:09,local
Saint-Jérôme,candidat,11,Le Journal de Montréal,Élections municipales: des luttes à finir dans plusieurs villes,2021-11-07,11,https://www.journaldemontreal.com/2021/11/07/des-luttes-a-finir-dans-plusieurs-villes,2021-11-18 08:38:09,local
Saint-Jérôme,candidat,12,ICI.Radio-Canada.ca,Les résultats dans la Capitale-Nationale et Chaudière-Appalaches,2021-11-07,11,https://ici.radio-canada.ca/nouvelle/1838012/elections-resultats-chaudiere-appalaches-capitale-nationale,2021-11-18 08:38:09,local
Saint-Jérôme,candidat,13,ICI.Radio-Canada.ca,Les couteaux volent bas aux Pays-d'en-Haut,2021-10-29,20,https://ici.radio-canada.ca/nouvelle/1835324/croix-sainte-adele-elections-briere-lupien-pays-en-haut-laurentides,2021-11-18 08:38:09,local
Saint-Jérôme,candidat,14,Le Journal de Montréal,Élections municipales: suspense et luttes serrées | JDM,2021-11-03,15,https://www.journaldemontreal.com/2021/11/03/elections-municipales-suspense-et-luttes-serrees,2021-11-18 08:38:10,local
Saint-Jérôme,candidat,15,Québec Hebdo,La parole est aux candidats municipaux,2021-10-29,20,https://www.quebechebdo.com/local/journal-charlesbourg-express/294080/la-parole-est-aux-candidats-municipaux/,2021-11-18 08:38:10,local
Saint-Jérôme,candidat,16,Journal Le Nord,L'équipe Marc Bourcier propose des solutions,2021-10-19,30,https://www.journallenord.com/lequipe-marc-bourcier-propose-des-solutions/,2021-11-18 08:38:10,local
Saint-Jérôme,candidat,17,TVA Nouvelles,Candidat à la mairie à 21 ans,2021-10-15,34,https://www.tvanouvelles.ca/2021/10/15/candidat-a-la-mairie-a-21-ans,2021-11-18 08:38:10,local
Saint-Jérôme,candidat,18,Le Journal de Montréal,Des dizaines de pancartes électorales municipales volées à Saint-Jérôme,2021-09-27,52,https://www.journaldemontreal.com/2021/09/27/des-dizaines-de-pancartes-electorales-municipales-volees-a-saint-jerome,2021-11-18 08:38:11,local
Saint-Jérôme,candidat,19,Québec Hebdo,Réponses des candidats au comité citoyen de Cap-Rouge,2021-10-24,25,https://www.quebechebdo.com/actualites/293795/reponses-des-candidats-au-comite-citoyen-de-cap-rouge/,2021-11-18 08:38:11,local
Saint-Jérôme,candidat,20,TopoLocal,On ne devrait pas écrire sur la politique avec des gants de hockey,2021-11-06,12,https://www.topolocal.ca/2021/11/06/on-ne-devrait-pas-ecrire-sur-la-politique-avec-des-gants-de-hockey/,2021-11-18 08:38:11,local
Saint-Jérôme,candidat,21,Journal Le Nord,Le ton monte à Saint-Jérôme,2021-10-05,44,https://www.journallenord.com/le-ton-monte-a-saint-jerome/,2021-11-18 08:38:12,local
Saint-Jérôme,candidat,22,TopoLocal,Trois candidats de plus pour Avenir Saint-Jérôme et des projets pour améliorer la circulation,2021-05-12,190,https://www.topolocal.ca/2021/05/12/trois-candidats-de-plus-pour-avenir-saint-jerome-et-des-projets-pour-ameliorer-la-circulation/,2021-11-18 08:38:12,local
Saint-Jérôme,candidat,23,Le Devoir,L'ascension pragmatique de la Coalition avenir Québec,2021-11-13,5,https://www.ledevoir.com/politique/quebec/647205/politique-quebecoise-une-ascension-pragmatique,2021-11-18 08:38:12,local
Saint-Jérôme,candidat,24,TopoLocal,"Louis-Philippe Beaulieu sera candidat indépendant dans le district 1 à Saint-Jérôme, celui de son père",2021-06-08,163,https://www.topolocal.ca/2021/06/08/louis-philippe-beaulieu-sera-candidat-independant-dans-le-district-1-a-saint-jerome-celui-de-son-pere/,2021-11-18 08:38:13,local
Saint-Jérôme,candidat,25,TopoLocal,Avenir Saint-Jérôme présente quatre nouveaux candidats et promet de renouer avec les citoyens,2021-04-15,217,https://www.topolocal.ca/2021/04/15/avenir-saint-jerome-presente-quatre-nouveaux-candidats-et-promet-de-renouer-avec-les-citoyens/,2021-11-18 08:38:13,local
Saint-Jérôme,préfet,1,Info Dimanche,Tous les résultats des élections municipales 2021 | infodimanche.com,2021-11-08,10,https://www.infodimanche.com/actualites/elections-municipales-2021/442273/tous-les-resultats-des-elections-municipales-2021,2021-11-18 08:38:20,local
Saint-Jérôme,préfet,2,Journal Accès,Éditorial : Qui vote? - Accès Laurentides,2021-11-16,2,https://www.journalacces.ca/qui-vote/,2021-11-18 08:38:20,local
Saint-Jérôme,préfet,3,La Presse,"Dans l'ombre, Québec redessine le milieu agricole",2021-11-15,3,https://www.lapresse.ca/actualites/politique/2021-11-15/dans-l-ombre-quebec-redessine-le-milieu-agricole.php,2021-11-18 08:38:20,local
Saint-Jérôme,préfet,4,Ouest-France,Alerte intrusion dans un collège près de Bayonne : les élèves confinés puis évacués,2021-10-21,28,https://www.ouest-france.fr/societe/faits-divers/pres-de-bayonne-un-college-confine-apres-une-possible-intrusion-cf170e40-325a-11ec-bcc4-8c8c72734bad,2021-11-18 08:38:21,local
Saint-Jérôme,préfet,5,Mon Matane,Éphémérides du 1er novembre : Matane vit avec les inconvénients de l'heure des Maritimes en 1962,2021-11-01,17,https://monmatane.com/ephemerides-du-1er-novembre-matane-vit-avec-les-inconvenients-de-lheure-des-maritimes-en-1962/,2021-11-18 08:38:21,local
Saint-Jérôme,préfet,6,Le Parisien,"Dans l'Eure, les délinquants de la route ont eu droit à une bonne leçon",2021-11-03,15,https://www.leparisien.fr/eure-27/dans-leure-les-delinquants-de-la-route-ont-eu-droit-a-une-bonne-lecon-03-11-2021-IXYH2BFWQBGMHF7CRUXULNDIQ4.php,2021-11-18 08:38:21,local
Saint-Jérôme,préfet,7,Réseau d'Information Municipale,MRC du Rocher-Percé - Un ex-conseiller de la Ville de Chandler dans la course à la préfecture,2021-10-25,24,https://rimq.qc.ca/article/municipal/categorie/nominations/67/926236/un-ex-conseiller-de-la-ville-de-chandler-dans-la-course-a-la-prefecture.html,2021-11-18 08:38:21,local
Saint-Jérôme,préfet,8,Ouest-France,Immobilier en Vendée. La galère des restaurateurs pour recruter des saisonniers,2021-11-03,15,https://www.ouest-france.fr/pays-de-la-loire/vendee/immobilier-en-vendee-la-galere-des-restaurateurs-pour-recruter-des-saisonniers-6cfa0258-3a93-11ec-8ada-d3e0ae391888,2021-11-18 08:38:21,local
Saint-Jérôme,préfet,9,Divertir,Jérémy Ferrari et Mickaël Dion : le jeu Etat d'urgence,2021-11-18,0,https://www.divertir.eu/blog/jeux/jeremy-ferrari-et-mickael-dion-le-jeu-etat-d-urgence.html,2021-11-18 08:38:22,local
Saint-Jérôme,préfet,10,Journal Le Nord,Ce qu'on gagne à être élu,2021-10-05,44,https://www.journallenord.com/ce-quon-gagne-a-etre-elu/,2021-11-18 08:38:22,local
Saint-Jérôme,préfet,11,Journal Accès,Santé : Les Laurentides souffrent de sous-financement - Accès Laurentides,2021-02-02,289,https://www.journalacces.ca/sante-les-laurentides-souffrent-de-sous-financement/,2021-11-18 08:38:22,local
Saint-Jérôme,préfet,12,Le Journal de Montréal,Le sous-financement du système de santé dénoncé dans les Laurentides,2021-04-25,207,https://www.journaldemontreal.com/2021/04/25/le-sous-financement-du-systeme-de-sante-denonce-dans-les-laurentides,2021-11-18 08:38:22,local
Saint-Jérôme,préfet,13,Journal Le Nord,360 Actualité,2021-05-18,184,https://www.journallenord.com/360-actualite-2/,2021-11-18 08:38:23,local
Saint-Jérôme,préfet,14,Journal Le Nord,Nouvel offre de service pour le TAC Rivière-Du-Nord,2021-06-29,142,https://www.journallenord.com/nouvel-offre-de-service-pour-le-tac-riviere-du-nord/,2021-11-18 08:38:23,local
Saint-Jérôme,préfet,15,L’Avantage gaspésien,Guy Bernatchez se lance dans la course à la préfecture de la Haute-Gaspésie,2021-09-29,50,https://www.lavantagegaspesien.com/article/2021/09/29/guy-bernatchez-se-lance-dans-la-course-a-la-prefecture-de-la-haute-gaspesie,2021-11-18 08:38:23,local
Saint-Jérôme,préfet,16,TopoLocal,Un 3e lien pour les Laurentides!,2021-05-20,182,https://www.topolocal.ca/2021/05/20/un-3e-lien-pour-les-laurentides/,2021-11-18 08:38:23,local
Saint-Jérôme,préfet,17,Journal Accès,Prévost aura son école secondaire - Accès Laurentides,2021-06-22,149,https://www.journalacces.ca/prevost-aura-son-ecole-secondaire/,2021-11-18 08:38:24,local
Saint-Jérôme,préfet,18,Journal Accès,Le Centre sportif des Pays-d'en-Haut près à l'avance - Accès Laurentides,2021-06-08,163,https://www.journalacces.ca/le-centre-sportif-des-pdh-sera-probablement-livre-a-lavance/,2021-11-18 08:38:24,local
Saint-Jérôme,préfet,19,Journal Accès,Centre sportif des Pays-d'en-Haut - Accès Laurentides,2021-10-12,37,https://www.journalacces.ca/centre-sportif-des-pays-den-haut-retour-en-appel-doffres-pour-la-gestion-et-les-operations/,2021-11-18 08:38:24,local
Saint-Jérôme,préfet,20,Journal Accès,Nouveau directeur à Saint-Jérôme - Accès Laurentides,2021-06-22,149,https://www.journalacces.ca/mtq-laurentides-lanaudiere-nouveau-directeur-a-saint-jerome/,2021-11-18 08:38:24,local
Saint-Jérôme,préfet,21,Journal Le Nord,Deux scrutins consécutifs pourraient miner l'intérêt des électeurs,2021-08-17,93,https://www.journallenord.com/deux-scrutins-consecutifs-pourraient-miner-linteret-des-electeurs/,2021-11-18 08:38:24,local
Saint-Jérôme,préfet,22,TopoLocal,Les terrasses du centre-ville de Saint-Jérôme ont repris du service vendredi,2021-05-31,171,https://www.topolocal.ca/2021/05/31/les-terrasses-du-centre-ville-de-saint-jerome-ont-repris-du-service-vendredi/,2021-11-18 08:38:25,local
Saint-Jérôme,préfet,23,Journal Le Nord,Fin du partenariat entre les villes,2021-10-05,44,https://www.journallenord.com/fin-du-partenariat-entre-les-villes/,2021-11-18 08:38:25,local
Saint-Jérôme,préfet,24,ICI.Radio-Canada.ca,Le préfet de la MRC de Kamouraska ne sollicitera pas de nouveau mandat,2021-06-04,167,https://ici.radio-canada.ca/nouvelle/1798748/yvon-soucy-mrc-kamouraska-prefet-elections-municipales,2021-11-18 08:38:26,local
Saint-Jérôme,préfet,25,TopoLocal,Conversation autour de l'assemblée du conseil municipal de Saint-Jérôme du 15 décembre 2020,2020-12-15,338,https://www.topolocal.ca/2020/12/15/conversation-autour-assemblee-conseil-municipal-saint-jerome-15-decembre-2020/,2021-11-18 08:38:26,local
Saint-Jérôme,autobus OR tramway,1,VIVA média,L'électrification des autobus scolaires se poursuit dans Soulanges | VIVA MÉDIA,2021-11-18,0,https://www.viva-media.ca/la-voix-regionale-vaudreuil-soulanges/actualite-vs/regionale-vs/lelectrification-des-autobus-scolaires-se-poursuit-dans-soulanges/,2021-11-18 08:38:42,local
Saint-Jérôme,autobus OR tramway,2,La Presse,La Presse à la COP26 | Cinq milliards pour des autobus électriques au Québec | La Presse,2021-11-03,15,https://www.lapresse.ca/actualites/environnement/2021-11-03/la-presse-a-la-cop26/cinq-milliards-pour-des-autobus-electriques-au-quebec.php,2021-11-18 08:38:42,local
Saint-Jérôme,autobus OR tramway,3,Radio-Canada.ca,Décarboner le transport lourd : « C'est maintenant ou jamais! »,2021-11-14,4,https://ici.radio-canada.ca/recit-numerique/3308/decarboner-transport-lourd-hydrogene-batterie,2021-11-18 08:38:42,local
Saint-Jérôme,autobus OR tramway,4,La Presse,"Commande potentielle de 1000 autobus | D'un seul coup, Lion pourrait plus que doubler son carnet de commandes",2021-10-25,24,https://www.lapresse.ca/affaires/entreprises/2021-10-25/commande-potentielle-de-1000-autobus/d-un-seul-coup-lion-pourrait-plus-que-doubler-son-carnet-de-commandes.php,2021-11-18 08:38:43,local
Saint-Jérôme,autobus OR tramway,5,TVA Nouvelles,"«Il faut avoir un ""Buy Canada Act""», plaide Lion Électrique",2021-11-08,10,https://www.tvanouvelles.ca/2021/11/08/il-faut-avoir-un-buy-canada-act-plaide-lion-electrique-1,2021-11-18 08:38:43,local
Saint-Jérôme,autobus OR tramway,6,La Presse,Élections municipales | Saint-Jérôme renoue avec la course à la mairie,2021-10-30,19,https://www.lapresse.ca/actualites/regional/2021-10-30/elections-municipales/saint-jerome-renoue-avec-la-course-a-la-mairie.php,2021-11-18 08:38:43,local
Saint-Jérôme,autobus OR tramway,7,LesAffaires.com,Lion Électrique a produit moins de véhicules en raison de difficultés logistiques,2021-11-11,7,https://www.lesaffaires.com/secteurs-d-activite/general/-lion-electrique-a-produit-moins-de-vehicules-en-raison-de-difficultes-logistiques/628845,2021-11-18 08:38:43,local
Saint-Jérôme,autobus OR tramway,8,Journal Le Nord,230 élèves de la Polyvalente Saint-Jérôme escaladent le Mont-Tremblant,2021-11-02,16,https://www.journallenord.com/230-eleves-de-la-polyvalente-saint-jerome-escaladent-le-mont-tremblant/,2021-11-18 08:38:43,local
Saint-Jérôme,autobus OR tramway,9,Le Journal de Québec,Mairie de Québec: les partis et leurs 10 principaux engagements,2021-11-06,12,https://www.journaldequebec.com/2021/11/06/mairie-de-quebec-les-partis-et-leurs-10-principaux-engagements,2021-11-18 08:38:44,local
Saint-Jérôme,autobus OR tramway,10,Le Journal de Montréal,Le Québec bien positionné pour la transition verte,2021-10-21,28,https://www.journaldemontreal.com/2021/10/21/le-quebec-bien-positionne-pour-la-transition-verte,2021-11-18 08:38:44,local
Saint-Jérôme,autobus OR tramway,11,L'Éveil et La Concorde,Mirabel va de l'avant avec un projet de VAÉ en libre-service - Journal L'Éveil de Saint-Eustache,2021-11-16,2,https://www.leveil.com/actualites/mirabel-va-de-lavant-avec-un-projet-de-vae-en-libre-service,2021-11-18 08:38:44,local
Saint-Jérôme,autobus OR tramway,12,Québec Hebdo,La parole est aux candidats municipaux,2021-10-29,20,https://www.quebechebdo.com/local/journal-charlesbourg-express/294080/la-parole-est-aux-candidats-municipaux/,2021-11-18 08:38:44,local
Saint-Jérôme,autobus OR tramway,13,TVA Nouvelles,Faut-il un bureau pour contrer la collusion à Québec?,2021-11-03,15,https://www.tvanouvelles.ca/2021/11/03/faut-il-un-bureau-pour-contrer-la-collusion-a-quebec,2021-11-18 08:38:45,local
Saint-Jérôme,autobus OR tramway,14,Marsactu,"Priorité absolue, le tramway vers la Belle de Mai ne doit pas doublonner une fois de plus !",2021-10-21,28,https://marsactu.fr/agora/priorite-absolue-le-tramway-vers-la-belle-de-mai-ne-doit-pas-doublonner-une-fois-de-plus/,2021-11-18 08:38:45,local
Saint-Jérôme,autobus OR tramway,15,La Presse,Le principal défi dans votre ville | La Presse,2021-11-06,12,https://www.lapresse.ca/debats/courrier-des-lecteurs/2021-11-06/le-principal-defi-dans-votre-ville.php,2021-11-18 08:38:46,local
Saint-Jérôme,autobus OR tramway,16,Le Journal de Montréal,Le transport en commun bientôt gratuit à Saint-Jérôme,2021-09-15,64,https://www.journaldemontreal.com/2021/09/15/le-transport-en-commun-bientot-gratuit-a-saint-jerome,2021-11-18 08:38:46,local
Saint-Jérôme,autobus OR tramway,17,Journal Le Nord,Pourquoi s'intéresser aux élections municipales?,2021-10-19,30,https://www.journallenord.com/pourquoi-sinteresser-aux-elections-municipales/,2021-11-18 08:38:46,local
Saint-Jérôme,autobus OR tramway,18,Le Journal de Montréal,Rive-Nord de Montréal: une lutte serrée à trois candidats à Laval,2021-11-06,12,https://www.journaldemontreal.com/2021/11/06/rive-nord-de-montreal-une-lutte-serree-a-trois-candidats-a-laval,2021-11-18 08:38:46,local
Saint-Jérôme,autobus OR tramway,19,Réseau d'Information Municipale,Tramway - Entre 17 et 21 % des arbres abattus sur René-Lévesque à Québec,2021-10-28,21,https://rimq.qc.ca/article/municipal/categorie/mobilite/69/927146/entre-17-et-21-des-arbres-abattus-sur-rene-levesque-a-quebec.html,2021-11-18 08:38:46,local
Saint-Jérôme,autobus OR tramway,20,Journal Le Nord,Saint-Jérôme offrira le transport collectif gratuit,2021-09-21,58,https://www.journallenord.com/saint-jerome-offrira-le-transport-collectif-gratuit/,2021-11-18 08:38:47,local
Saint-Jérôme,autobus OR tramway,21,La Presse,"L'investisseur avisé | Octobre, le mois de Dorel",2021-10-31,18,https://www.lapresse.ca/affaires/marches/2021-10-31/l-investisseur-avise/octobre-le-mois-de-dorel.php,2021-11-18 08:38:47,local
Saint-Jérôme,autobus OR tramway,22,Journal Le Nord,Autobus renversé à Saint-Jérôme,2021-01-19,303,https://www.journallenord.com/autobus-renverse-a-saint-jerome/,2021-11-18 08:38:47,local
Saint-Jérôme,autobus OR tramway,23,Le Devoir,L'aide de Québec pour électrifier les autobus scolaires fait des mécontents,2021-07-06,135,https://www.ledevoir.com/economie/616038/transport-l-aide-de-quebec-pour-electrifier-les-autobus-scolaires-fait-des-mecontents,2021-11-18 08:38:48,local
Saint-Jérôme,autobus OR tramway,24,La Presse,Usine de batteries | Lion Électrique s'installe à Mirabel,2021-06-03,168,https://www.lapresse.ca/affaires/entreprises/2021-06-03/usine-de-batteries/lion-electrique-s-installe-a-mirabel.php,2021-11-18 08:38:48,local
Saint-Jérôme,autobus OR tramway,25,La Presse,Une grosse commande d'autobus électriques pour Lion,2021-05-17,185,https://www.lapresse.ca/affaires/entreprises/2021-05-17/une-grosse-commande-d-autobus-electriques-pour-lion.php,2021-11-18 08:38:48,local
Saint-Jérôme,météo,1,TVA Nouvelles,Pluie verglaçante attendue sur de nombreux secteurs,2021-11-16,2,https://www.tvanouvelles.ca/2021/11/16/pluie-verglacante-attendue-sur-de-nombreux-secteurs,2021-11-18 08:38:57,local
Saint-Jérôme,météo,2,L'Est Eclair,Les ESSENTIELS du MATIN: Questions autour de l’incendie criminel. Beaujolais. Photos. Et course.,2021-11-18,0,https://www.lest-eclair.fr/id314008/article/2021-11-18/les-essentiels-du-matin-questions-autour-de-lincendie-criminel-beaujolais-photos,2021-11-18 08:38:58,local
Saint-Jérôme,météo,3,MétéoMédia,La première tempête de 2021 frappe le Québec,2021-01-18,304,https://www.meteomedia.com/ca/nouvelles/article/la-premiere-vraie-tempete-frappe-le-quebec,2021-11-18 08:38:58,local
Saint-Jérôme,météo,4,Nightlife,Alerte météo: des orages violents avec grêle potentielle à prévoir pour plusieurs régions du Québec!,2021-08-13,97,https://nightlife.ca/2021/08/13/alerte-meteo-des-orages-violents-avec-grele-potentielle-a-prevoir-pour-plusieurs-regions-du-quebec/,2021-11-18 08:38:58,local
Saint-Jérôme,météo,5,Zone911,Alerte météo en vigueur: Beaucoup de pluie - Actualités - ZONE911 (média collaboratif),2021-10-16,33,https://zone911.com/divers/31689-alerte-meteo-en-vigueur-beaucoup-de-pluie,2021-11-18 08:38:58,local
Saint-Jérôme,météo,6,Le Journal de Montréal,Le transport en commun bientôt gratuit à Saint-Jérôme,2021-09-15,64,https://www.journaldemontreal.com/2021/09/15/le-transport-en-commun-bientot-gratuit-a-saint-jerome,2021-11-18 08:38:58,local
Saint-Jérôme,météo,7,La Presse,Itinérance | Cohabitation difficile à Saint-Jérôme | La Presse,2021-08-02,108,https://www.lapresse.ca/actualites/2021-08-02/itinerance/cohabitation-difficile-a-saint-jerome.php,2021-11-18 08:38:59,local
Saint-Jérôme,météo,8,MétéoMédia,Neige et routes glissantes au Québec,,,https://www.meteomedia.com/ca/nouvelles/article/heure-en-heure-precipitations-et-conditions-routieres-plus-difficiles,2021-11-18 08:38:59,local
Saint-Jérôme,météo,9,Le Journal de Montréal,Une femme grièvement blessée par une voiture à Saint-Jérôme,2021-09-11,68,https://www.journaldemontreal.com/2021/09/11/une-femme-grievement-blessee-par-une-voiture-a-saint-jerome-1,2021-11-18 08:38:59,local
Saint-Jérôme,météo,10,Le Républicain Lorrain,Prévisions | Très lumineux : la météo de ce jeudi en Lorraine,2021-09-29,50,https://www.republicain-lorrain.fr/environnement/2021/09/29/tres-lumineux-la-meteo-de-ce-jeudi-en-lorraine,2021-11-18 08:38:59,local
Saint-Jérôme,météo,11,MétéoMédia,Un épisode de verglas avant une remontée des températures,2020-11-26,357,https://www.meteomedia.com/ca/nouvelles/article/deuxieme-danger-en-24-heures-un-episode-de-verglas,2021-11-18 08:39:00,local
Saint-Jérôme,météo,12,MétéoMédia,"Rafales à 87 km/h, orages violents, grosse grêle : un samedi agité",,,https://www.meteomedia.com/ca/nouvelles/article/orages-violents-fortes-rafales-et-pannes-possibles,2021-11-18 08:39:00,local
Saint-Jérôme,météo,13,Le Journal de Montréal,Les urgences de Saint-Jérôme et de Saint-Eustache à éviter,2021-07-25,116,https://www.journaldemontreal.com/2021/07/25/les-urgences-de-saint-jerome-et-de-saint-eustache-a-eviter-1,2021-11-18 08:39:00,local
Saint-Jérôme,météo,14,Le Journal de Québec,La saison est terminée à peu près partout,2021-03-23,240,https://www.journaldequebec.com/2021/03/23/la-saison-est-terminee-a-peu-pres-partout,2021-11-18 08:39:01,local
Saint-Jérôme,météo,15,Le Soleil - Groupe Capitales Médias,Cocktail météo attendu pour la fin de semaine,2021-03-25,238,https://www.lesoleil.com/2021/03/25/cocktail-meteo-attendu-pour-la-fin-de-semaine-0b6af4f01f201cbfc900938f48e0f5af,2021-11-18 08:39:01,local
Saint-Jérôme,météo,16,Journal Le Nord,Saint-Jérôme pourra conserver sa police mais...,2021-06-01,170,https://www.journallenord.com/saint-jerome-pourra-conserver-sa-police-mais/,2021-11-18 08:39:01,local
Saint-Jérôme,météo,17,Journal Le Nord,Saint-Jérôme: Laurence Vialle sera candidate indépendante,2021-08-10,100,https://www.journallenord.com/saint-jerome-laurence-vialle-sera-candidate-independante/,2021-11-18 08:39:01,local
Saint-Jérôme,météo,18,Le Journal de Montréal,Saint-Jérôme: la COVID-19 emporte un père de seulement 27 ans,2021-09-28,51,https://www.journaldemontreal.com/2021/09/28/la-covid-19-emporte-un-pere-de-seulement-27-ans,2021-11-18 08:39:01,local
Saint-Jérôme,météo,19,Journal Le Nord,Conflit entre Saint-Colomban et Saint-Jérôme,2021-07-20,121,https://www.journallenord.com/le-conflit-senvenime-entre-saint-colomban-et-saint-jerome/,2021-11-18 08:39:01,local
Saint-Jérôme,météo,20,Le Journal de Montréal,Accident mortel à Saint-Jérôme: la CNESST dévoile les conclusions de son enquête,2021-10-08,41,https://www.journaldemontreal.com/2021/10/08/accident-mortel-a-saint-jerome-la-cnesst-devoile-les-conclusions-de-son-enquete,2021-11-18 08:39:02,local
Saint-Jérôme,météo,21,Le Journal de Montréal,Les urgences des Laurentides toujours à éviter,2021-08-01,109,https://www.journaldemontreal.com/2021/08/01/les-urgences-des-laurentides-toujours-a-eviter,2021-11-18 08:39:02,local
Saint-Jérôme,météo,22,TVA Nouvelles,Avertissement de smog pour une partie du Québec,2021-07-25,116,https://www.tvanouvelles.ca/2021/07/25/avertissement-de-smog-pour-une-partie-du-quebec,2021-11-18 08:39:02,local
Saint-Jérôme,météo,23,Le Journal de Montréal,Un nouveau complexe laid... et digne du futur,2021-02-27,264,https://www.journaldemontreal.com/2021/02/27/un-nouveau-complexe-laid-et-digne-du-futur,2021-11-18 08:39:02,local
Saint-Jérôme,météo,24,Le Journal de Montréal,L'homme de 59 ans porté disparu à Saint-Jérôme a été retrouvé sans vie,2021-06-24,147,https://www.journaldemontreal.com/2021/06/23/un-homme-de-59-ans-porte-disparu-a-saint-jerome,2021-11-18 08:39:02,local
Saint-Jérôme,météo,25,Le Journal de Montréal,Des dizaines de pancartes électorales municipales volées à Saint-Jérôme,2021-09-27,52,https://www.journaldemontreal.com/2021/09/27/des-dizaines-de-pancartes-electorales-municipales-volees-a-saint-jerome,2021-11-18 08:39:03,local
