Villes,Mots-clés,position du média,Nom du média,Titre de l'article,Date de publication,Journée de différence,URL,date et heure saisie,type de mot-clés
Montréal_V2,accident,1,ICI.Radio-Canada.ca,Deux blessés graves dans un accident à Saint-Raymond,2021-07-17,0,https://ici.radio-canada.ca/nouvelle/1809757/accident-saint-raymond-portneuf-auto,2021-07-17 16:00:10,local
Montréal_V2,accident,2,La Releve,Accident sur Taschereau : un homme de 22 ans perd la vie,2021-07-17,0,https://www.lareleve.qc.ca/2021/07/17/accident-sur-taschereau-un-homme-de-22-ans-perd-la-vie/,2021-07-17 16:00:11,local
Montréal_V2,accident,3,ICI.Radio-Canada.ca,Un accident mène à une arrestation pour alcool au volant,2021-07-16,1,https://ici.radio-canada.ca/nouvelle/1809488/accident-conduite-dangereuse-alcool-volant-quatre-bourgeois-quebec,2021-07-17 16:00:11,local
Montréal_V2,accident,4,Le Journal de Québec,"[IMAGES] Accident à Lévis : 3 blessés, dont un blessé grave",2021-07-15,2,https://www.journaldequebec.com/2021/07/15/accident-a-levis--3-blesses-dont-un-blesse-grave,2021-07-17 16:00:11,local
Montréal_V2,accident,5,ICI.Radio-Canada.ca,Un accident fait un mort sur la route 391 à Saint-Eugène-de-Guigues,2021-07-15,2,https://ici.radio-canada.ca/nouvelle/1809198/accident-mortel-391-st-eugene-guigues,2021-07-17 16:00:12,local
Montréal_V2,accident,6,La Presse,Accident de travail mortel pour un septuagénaire à Waterloo,2021-07-13,4,https://www.lapresse.ca/actualites/justice-et-faits-divers/2021-07-12/accident-de-travail-mortel-pour-un-septuagenaire-a-waterloo.php,2021-07-17 16:00:12,local
Montréal_V2,accident,7,La Tribune - Groupe Capitales Médias,Accident mortel sur la 10 | Actualités,2021-07-15,2,https://www.latribune.ca/actualites/accident-mortel-sur-la-10-36841f9a12caccee6ac1b7ec330c819d,2021-07-17 16:00:12,local
Montréal_V2,accident,8,Le Journal de Montréal,Accident nautique: sa conjointe l'a vu sombrer dans le fleuve,2021-07-11,6,https://www.journaldemontreal.com/2021/07/11/accident-nautique-sa-conjointe-la-vu-sombrer-dans-le-fleuve-1,2021-07-17 16:00:12,local
Montréal_V2,accident,9,Le Journal de Québec,Gaspésie: un accident de la route fait un mort et un blessé,2021-07-14,3,https://www.journaldequebec.com/2021/07/13/gaspesie-un-accident-de-la-route-fait-deux-blesses-1,2021-07-17 16:00:13,local
Montréal_V2,accident,10,La Tribune - Groupe Capitales Médias,Accident frontal : trois personnes blessées | Justice et faits divers | Actualités,2021-07-15,2,https://www.latribune.ca/actualites/justice-et-faits-divers/accident-frontal--le-boulevard-saint-francois-ferme-e023cfd7f7834a87d23865c6339ebf3b,2021-07-17 16:00:13,local
Montréal_V2,accident,11,Le Soleil - Groupe Capitales Médias,Grave accident à Honfleur: des témoins recherchés | Justice et faits divers | Actualités,2021-07-15,2,https://www.lesoleil.com/actualite/justice-et-faits-divers/grave-accident-a-honfleur-des-temoins-recherches-e7183f2c6b4e2764c1144b5cc7779507,2021-07-17 16:00:13,local
Montréal_V2,accident,12,Zone911,Congestion: Circulation au ralenti et accidents sur le réseau routier de Québec,2021-07-16,1,https://zone911.com/divers/31141-congestion-circulation-au-ralenti-et-accidents-sur-le-reseau-routier-de-quebec,2021-07-17 16:00:13,local
Montréal_V2,accident,13,Le Journal de Québec,[PHOTOS] Honfleur: 5 jeunes blessés dans une violente embardée,2021-07-12,5,https://www.journaldequebec.com/2021/07/11/honfleur-cinq-jeunes-blesses-apres-un-grave-accident,2021-07-17 16:00:13,local
Montréal_V2,accident,14,Le Journal de Montréal,Accident à Rivière-Rouge: ils retirent la plaque d'immatriculation de leur véhicule accidenté avant de fuir,2021-07-10,7,https://www.journaldemontreal.com/2021/07/10/accident-a-riviere-rouge-ils-retirent-la-plaque-dimmatriculation-de-leur-vehicule-accidente-avant-de-fuir,2021-07-17 16:00:13,local
Montréal_V2,accident,15,Courrier Laval,Accident majeur à cinq véhicules sur l'A-440 près de l'A-15,2021-07-15,2,https://courrierlaval.com/accident-majeur-a-cinq-vehicules-sur-la-440-pres-de-la-15/,2021-07-17 16:00:14,local
Montréal_V2,accident,16,La Voix de l'est - Groupe Capitales Médias,Deux blessés mineurs dans un accident à Granby,2021-07-16,1,https://www.lavoixdelest.ca/actualites/deux-blesses-mineurs-dans-un-accident-a-granby-c17f08963c4fc1a5514e357bb50086bf,2021-07-17 16:00:14,local
Montréal_V2,accident,17,La Presse,Deux travailleurs blessés dans un accident à L'Islet,2021-07-07,10,https://www.lapresse.ca/actualites/justice-et-faits-divers/2021-07-07/deux-travailleurs-blesses-dans-un-accident-a-l-islet.php,2021-07-17 16:00:14,local
Montréal_V2,accident,18,Le Journal de Québec,"Accident mortel en Gaspésie: décès d'une femme et d'un bambin, un bébé entre la vie et la mort",2021-06-28,19,https://www.journaldequebec.com/2021/06/28/accident-mortel-en-gaspesie-deces-dune-femme-et-dun-bambin-un-bebe-entre-la-vie-et-la-mort,2021-07-17 16:00:14,local
Montréal_V2,accident,19,TVA Nouvelles,Un homme meurt dans un accident de ponton,2021-07-11,6,https://www.tvanouvelles.ca/2021/07/11/chute-mortelle-dun-ponton-1,2021-07-17 16:00:14,local
Montréal_V2,accident,20,La Tribune - Groupe Capitales Médias,Deux blessés à la suite d'un accident sur l'autoroute 10,2021-07-08,9,https://www.latribune.ca/actualites/justice-et-faits-divers/deux-blesses-a-la-suite-dun-accident-sur-lautoroute-10-bfb5d0fa60a6d5602231c829ca73b3aa,2021-07-17 16:00:15,local
Montréal_V2,accident,21,La Presse,Laurentides | Un accident de VTT fait un blessé grave,2021-06-26,21,https://www.lapresse.ca/actualites/justice-et-faits-divers/2021-06-26/laurentides/un-accident-de-vtt-fait-un-blesse-grave.php,2021-07-17 16:00:15,local
Montréal_V2,accident,22,Acadie Nouvelle,Actualités Un jeune homme perd la vie dans un accident,2021-07-12,5,https://www.acadienouvelle.com/actualites/2021/07/12/un-jeune-homme-perd-la-vie-dans-un-accident-4/,2021-07-17 16:00:15,local
Montréal_V2,accident,23,France Bleu,"Un accident sur l'A1 au niveau de Bapaume, l'autoroute fermée pendant deux heures",2021-07-17,0,https://www.francebleu.fr/infos/faits-divers-justice/l-autoroute-a1-coupee-dans-le-secteur-de-bapaume-apres-un-accident-dans-le-sens-paris-lille-1626539263,2021-07-17 16:00:15,local
Montréal_V2,accident,24,La Presse,Meurtre et accident mortel en Outaouais | Un ado aurait tué sa mère,2021-07-12,5,https://www.lapresse.ca/actualites/justice-et-faits-divers/2021-07-12/meurtre-et-accident-mortel-en-outaouais/un-ado-aurait-tue-sa-mere.php,2021-07-17 16:00:16,local
Montréal_V2,accident,25,France Bleu,Accident de la route près de Cognac : le conducteur de la voiture est décédé,2021-07-17,0,https://www.francebleu.fr/infos/faits-divers-justice/trois-blesses-dans-un-accident-a-chateaubernard-la-rn-141-coupee-dans-les-deux-sens-1626509814,2021-07-17 16:00:16,local
Montréal_V2,décès OR mort,1,Le Journal de Montréal,«L'éventreur d'Hollywood» condamné à mort pour le meurtre de deux femmes,2021-07-17,0,https://www.journaldemontreal.com/2021/07/16/leventreur-dhollywood-condamne-a-mort-pour-le-meurtre-de-deux-femmes-1,2021-07-17 16:00:53,local
Montréal_V2,décès OR mort,2,Le Journal de Montréal,"Biz Markie, l'«ami» du hip-hop, est mort à 57 ans",2021-07-17,0,https://www.journaldemontreal.com/2021/07/16/biz-markie-lami-du-hip-hop-est-mort-a-57-ans,2021-07-17 16:00:53,local
Montréal_V2,décès OR mort,3,Le Journal de Montréal,Décès d'un journaliste néerlandais blessé par balles à Amsterdam,2021-07-15,2,https://www.journaldemontreal.com/2021/07/15/deces-dun-journaliste-neerlandais-blesse-par-balles-a-amsterdam,2021-07-17 16:00:53,local
Montréal_V2,décès OR mort,4,Le Journal de Montréal,COVID-19 en Afrique: augmentation de plus de 40 % des décès en une semaine,2021-07-15,2,https://www.journaldemontreal.com/2021/07/15/covid-19-en-afrique-augmentation-de-plus-de-40--des-deces-en-une-semaine,2021-07-17 16:00:54,local
Montréal_V2,décès OR mort,5,Le Journal de Québec,COVID-19: le Québec compte 65 nouveaux cas et un décès supplémentaire,2021-07-15,2,https://www.journaldequebec.com/2021/07/15/covid-19-le-quebec-compte-65-nouveaux-cas-et-un-deces-supplementaire,2021-07-17 16:00:54,local
Montréal_V2,décès OR mort,6,La Presse,"Blue Jackets | Le gardien Matiss Kivlenieks, mort tragiquement, honoré en héros",2021-07-15,2,https://www.lapresse.ca/sports/hockey/2021-07-15/blue-jackets/le-gardien-matiss-kivlenieks-mort-tragiquement-honore-en-heros.php,2021-07-17 16:00:54,local
Montréal_V2,décès OR mort,7,TVA Nouvelles,"Un an après la mort de ses fillettes, la mère de Norah et Romy veut redevenir maman",2021-07-16,1,https://www.tvanouvelles.ca/2021/07/16/un-an-apres-la-mort-de-ses-fillettes-la-mere-de-norah-et-romy-veut-redevenir-maman,2021-07-17 16:00:54,local
Montréal_V2,décès OR mort,8,Zone911,( SUIVI ) L'incendie de Lévis a fait deux décès et un blessé,2021-07-17,0,https://www.zone911.com/incendies/31146-suivi-l-incendie-de-levis-a-fait-deux-deces-et-un-blesse,2021-07-17 16:00:54,local
Montréal_V2,décès OR mort,9,Le Journal de Montréal,Une populaire influenceuse plonge vers la mort pour un égoportrait,2021-07-14,3,https://www.journaldemontreal.com/2021/07/14/une-populaire-influenceuse-plonge-vers-la-mort-pour-un-egoportrait-1,2021-07-17 16:00:55,local
Montréal_V2,décès OR mort,10,Le Journal de Québec,Mort des fillettes Carpentier: «on aurait dû déclencher l'alerte Amber plus tôt»,2021-07-08,9,https://www.journaldequebec.com/2021/07/08/mort-des-fillettes-carpentier-on-aurait-du-declencher-lalerte-amber-plus-tot-1,2021-07-17 16:00:55,local
Montréal_V2,décès OR mort,11,Le Journal de Québec,Un pêcheur retrouvé mort à Saint-Ferréol-les-Neiges,2021-07-14,3,https://www.journaldequebec.com/2021/07/14/un-pecheur-retrouve-mort-a-saint-ferreol-les-neiges,2021-07-17 16:00:56,local
Montréal_V2,décès OR mort,12,Le Journal de Québec,Noyée dans la piscine de son voisin: le décès de la petite Léa était accidentel,2021-07-13,4,https://www.journaldequebec.com/2021/07/13/noyee-dans-la-piscine-de-son-voisin-le-deces-de-la-petite-lea-etait-accidentel,2021-07-17 16:00:56,local
Montréal_V2,décès OR mort,13,Le Journal de Québec,Sept décès en trois semaines: début d'été funeste pour les motocyclistes,2021-07-12,5,https://www.journaldequebec.com/2021/07/12/debut-dete-funeste-pour-les-motocyclistes,2021-07-17 16:00:56,local
Montréal_V2,décès OR mort,14,Le Soleil - Groupe Capitales Médias,"Décès de Clément Létourneau, fondateur de Prograin | Le fil des régions | Actualités",2021-07-17,0,https://www.lesoleil.com/actualite/le-fil-groupe-capitales-medias/deces-de-clement-letourneau-fondateur-de-prograin-03d6ec046256f6f4501d5f09a771414f,2021-07-17 16:00:56,local
Montréal_V2,décès OR mort,15,La Presse,"Plus vite, plus haut, plus mort | Chapitre 15 : On a retrouvé la Coupe Stanley !",2021-07-17,0,https://www.lapresse.ca/actualites/polar-estival/2021-07-17/plus-vite-plus-haut-plus-mort/chapitre-15-on-a-retrouve-la-coupe-stanley.php,2021-07-17 16:00:56,local
Montréal_V2,décès OR mort,16,Le Journal de Québec,Plusieurs décès dans l'effondrement d'une grue à Kelowna,2021-07-13,4,https://www.journaldequebec.com/2021/07/12/plusieurs-blesses-dans-leffondrement-dune-grue-a-kelowna,2021-07-17 16:00:57,local
Montréal_V2,décès OR mort,17,Le Journal de Montréal,Virus: sixième record de décès quotidiens en Russie en juillet,2021-07-13,4,https://www.journaldemontreal.com/2021/07/13/virus-sixieme-record-de-deces-quotidiens-en-russie-en-juillet,2021-07-17 16:00:57,local
Montréal_V2,décès OR mort,18,Le Journal de Montréal,COVID-19: le Québec compte 77 nouveaux cas et un décès,2021-07-09,8,https://www.journaldemontreal.com/2021/07/09/covid-19-le-quebec-compte-77-nouveaux-cas-et-un-deces,2021-07-17 16:00:57,local
Montréal_V2,décès OR mort,19,Le Journal de Québec,"Accident mortel en Gaspésie: décès d'une femme et d'un bambin, un bébé entre la vie et la mort",2021-06-28,19,https://www.journaldequebec.com/2021/06/28/accident-mortel-en-gaspesie-deces-dune-femme-et-dun-bambin-un-bebe-entre-la-vie-et-la-mort,2021-07-17 16:00:57,local
Montréal_V2,décès OR mort,20,Le Journal de Montréal,Décès et COVID: des comparaisons plus justes,2021-06-18,29,https://www.journaldemontreal.com/2021/06/18/deces-et-covid-des-comparaisons-plus-justes,2021-07-17 16:00:57,local
Montréal_V2,décès OR mort,21,Le Soleil - Groupe Capitales Médias,La chienne du jeune homme mort noyé à Baie-des-Rochers recherchée,2021-07-09,8,https://www.lesoleil.com/actualite/justice-et-faits-divers/la-chienne-du-jeune-homme-mort-noye-a-baie-des-rochers-recherchee-eebc849ff5998c599e53dea54bbfe8a3,2021-07-17 16:00:58,local
Montréal_V2,décès OR mort,22,La Presse,Décès de l'artiste contemporain Christian Boltanski,2021-07-14,3,https://www.lapresse.ca/arts/arts-visuels/2021-07-14/deces-de-l-artiste-contemporain-christian-boltanski.php,2021-07-17 16:00:58,local
Montréal_V2,décès OR mort,23,Premier ministre du Canada,Déclaration du premier ministre concernant le décès de la sénatrice Judith Keating,2021-07-16,1,https://pm.gc.ca/fr/nouvelles/declarations/2021/07/16/declaration-du-premier-ministre-concernant-deces-de-la-senatrice,2021-07-17 16:00:58,local
Montréal_V2,décès OR mort,24,Ontario Newsroom,Annonce d'une enquête sur le décès de Jean Hervé Veillette | Salle de presse de l'Ontario,2021-07-16,1,https://news.ontario.ca/fr/release/1000540/annonce-dune-enquete-sur-le-deces-de-jean-herve-veillette,2021-07-17 16:00:58,local
Montréal_V2,décès OR mort,25,Acadie Nouvelle,"Il y a 80 ans, la mort a frappé dans un camp de scoutisme de Barachois",2021-07-16,1,https://www.acadienouvelle.com/actualites/2021/07/16/il-y-a-80-ans-la-mort-a-frappe-dans-un-camp-de-scoutisme-de-barachois/,2021-07-17 16:00:58,local
Montréal_V2,incendie,1,La Presse,Un incendie coûte la vie à deux personnes à Lévis,2021-07-17,0,https://www.lapresse.ca/actualites/justice-et-faits-divers/2021-07-17/un-incendie-coute-la-vie-a-deux-personnes-a-levis.php,2021-07-17 16:01:08,local
Montréal_V2,incendie,2,Le Journal de Québec,Deux morts dans un incendie majeur à Lévis,2021-07-17,0,https://www.journaldequebec.com/2021/07/16/incendie-majeur-dans-le-vieux-levis-deux-personnes-manqueraient-a-lappel,2021-07-17 16:01:09,local
Montréal_V2,incendie,3,ICI.Radio-Canada.ca,Un incendie fait deux morts à Lévis,2021-07-17,0,https://ici.radio-canada.ca/nouvelle/1809749/incendie-feu-levis-deux-victimes,2021-07-17 16:01:09,local
Montréal_V2,incendie,4,L’actualité,"Deux morts dans un incendie à Lévis, un homme sauvé in extremis de son lit",2021-07-17,0,https://lactualite.com/actualites/deux-morts-dans-un-incendie-a-levis-un-homme-sauve-in-extremis-de-son-lit/,2021-07-17 16:01:09,local
Montréal_V2,incendie,5,Zone911,( SUIVI ) L'incendie de Lévis a fait deux décès et un blessé,2021-07-17,0,https://zone911.com/incendies/31146-suivi-l-incendie-de-levis-a-fait-deux-deces-et-un-blesse,2021-07-17 16:01:09,local
Montréal_V2,incendie,6,La Presse,Un homme meurt dans un incendie à Rivière-des-Prairies,2021-07-14,3,https://www.lapresse.ca/actualites/justice-et-faits-divers/2021-07-14/un-homme-meurt-dans-un-incendie-a-riviere-des-prairies.php,2021-07-17 16:01:09,local
Montréal_V2,incendie,7,Le Journal de Montréal,Saint-Hyacinthe: un incendie force l'évacuation de 150 aînés,2021-07-16,1,https://www.journaldemontreal.com/2021/07/15/saint-hyacinthe-un-incendie-force-levacuation-de-150-aines,2021-07-17 16:01:10,local
Montréal_V2,incendie,8,Le Journal de Montréal,‎[IMAGES] Montréal: sauvé in extremis par les pompiers après un incendie dans son logement,2021-07-16,1,https://www.journaldemontreal.com/2021/07/16/images-montreal-sauve-in-extremis-par-les-pompiers-apres-un-incendie-dans-son-logement,2021-07-17 16:01:10,local
Montréal_V2,incendie,9,La Presse,Incendies | L'Ouest américain s'attend au pire ce week-end,2021-07-16,1,https://www.lapresse.ca/international/etats-unis/2021-07-16/incendies/l-ouest-americain-s-attend-au-pire-ce-week-end.php,2021-07-17 16:01:11,local
Montréal_V2,incendie,10,Radio-Canada.ca,Des pompiers du Mexique en renfort contre les incendies de la C.-B.,2021-07-17,0,https://ici.radio-canada.ca/nouvelle/1809739/feux-incendie-cb-pompier-mexique-horgan,2021-07-17 16:01:11,local
Montréal_V2,incendie,11,Le Soleil - Groupe Capitales Médias,Un incendie à la résidence Le Gîte de Saint-Isidore force tous les usagers à se reloger,2021-07-16,1,https://www.lesoleil.com/actualite/justice-et-faits-divers/un-incendie-a-la-residence-le-gite-de-saint-isidore-force-tous-les-usagers-a-se-reloger-3a4b3256b2e0bee4646c80962feaa8ff,2021-07-17 16:01:11,local
Montréal_V2,incendie,12,Le Journal de Montréal,[IMAGES] Une Audi détruite par un incendie à Montréal,2021-07-14,3,https://www.journaldemontreal.com/2021/07/14/une-audi-detruite-par-un-incendie-a-montreal,2021-07-17 16:01:11,local
Montréal_V2,incendie,13,Le Reflet du Lac,Incendie majeur du centre-ville: des assureurs pourront poursuivre leurs procédures contre la Ville de Magog,2021-07-17,0,https://www.lerefletdulac.com/2021/07/17/incendie-majeur-du-centre-ville-des-assureurs-pourront-poursuivre-leurs-procedures-contre-la-ville-de-magog/,2021-07-17 16:01:12,local
Montréal_V2,incendie,14,La Presse,Arrondissement de Lachine | Incendie suspect d'une automobile tôt mardi matin,2021-07-13,4,https://www.lapresse.ca/actualites/justice-et-faits-divers/2021-07-13/arrondissement-de-lachine/incendie-suspect-d-une-automobile-tot-mardi-matin.php,2021-07-17 16:01:12,local
Montréal_V2,incendie,15,La Presse,Incendies de forêt en Ontario : l'état d'urgence est réclamé,2021-07-13,4,https://www.lapresse.ca/actualites/2021-07-13/incendies-de-foret-en-ontario-l-etat-d-urgence-est-reclame.php,2021-07-17 16:01:12,local
Montréal_V2,incendie,16,La Presse,Incendie majeur au Bangladesh | Le propriétaire de l'usine accusé d'homicide,2021-07-10,7,https://www.lapresse.ca/international/asie-et-oceanie/2021-07-10/incendie-majeur-au-bangladesh/le-proprietaire-de-l-usine-accuse-d-homicide.php,2021-07-17 16:01:12,local
Montréal_V2,incendie,17,ICI.Radio-Canada.ca,Un incendie fait au moins 92 morts dans un hôpital irakien,2021-07-13,4,https://ici.radio-canada.ca/nouvelle/1808563/irak-52-morts-incendie-hopital-covid-19,2021-07-17 16:01:12,local
Montréal_V2,incendie,18,Le Journal de Montréal,"Écrasé par la chaleur et les feux, l'Ouest américain rationne l'électricité",2021-07-12,5,https://www.journaldemontreal.com/2021/07/12/nouvelle-vague-de-chaleur-et-dincendies-au-canada-et-aux-etats-unis,2021-07-17 16:01:12,local
Montréal_V2,incendie,19,Le Journal de Montréal,Irak: au moins 60 morts dans l'incendie de l'hôpital de Nassiriya (morgue),2021-07-12,5,https://www.journaldemontreal.com/2021/07/12/irak-au-moins-35-morts-dans-lincendie-dun-hopital,2021-07-17 16:01:13,local
Montréal_V2,incendie,20,CIMT-CHAU,Incendie majeur dans un hangar de machinerie à Saint-Roch-des-Aulnaies,2021-07-15,2,https://cimtchau.ca/nouvelles/incendie-majeur-dans-un-hangar-de-machinerie-a-saint-roch-des-aulnaies/,2021-07-17 16:01:13,local
Montréal_V2,incendie,21,ICI.Radio-Canada.ca,La foudre frappe et déclenche un incendie à Ottawa,2021-07-14,3,https://ici.radio-canada.ca/nouvelle/1808881/orage-ottawa-service-incendie-pompiers-pannes-electricite,2021-07-17 16:01:13,local
Montréal_V2,incendie,22,La Presse,Incendie de forêt | Le BST enquête sur l'incendie de Lytton,2021-07-09,8,https://www.lapresse.ca/actualites/national/2021-07-09/incendie-de-foret/le-bst-enquete-sur-l-incendie-de-lytton.php,2021-07-17 16:01:13,local
Montréal_V2,incendie,23,La Presse,Incendies dans l'Ouest canadien | « C'est comme si la forêt était remplie d'allumettes »,2021-07-03,14,https://www.lapresse.ca/actualites/2021-07-03/incendies-dans-l-ouest-canadien/c-est-comme-si-la-foret-etait-remplie-d-allumettes.php,2021-07-17 16:01:13,local
Montréal_V2,incendie,24,L'Écho de La Tuque,Panne majeure du réseau de Sogetel dûe à un incendie de camion - L'Écho de la Tuque,2021-07-16,1,http://www.lechodelatuque.com/actualites/panne-majeure-du-reseau-de-sogetel-due-a-un-incendie-de-camion/,2021-07-17 16:01:14,local
Montréal_V2,incendie,25,Le Journal de Montréal,Quatre enfants et trois adultes morts dans un incendie: la communauté de Chestermere sous le choc,2021-07-03,14,https://www.journaldemontreal.com/2021/07/03/quatre-enfants-et-trois-adultes-morts-dans-un-incendie-la-communaute-de-chestermere-sous-le-choc,2021-07-17 16:01:14,local
Montréal_V2,police OR Sûreté,1,ICI.Radio-Canada.ca,La police de Québec arrête deux hommes de 24 ans à la suite d'une altercation,2021-07-17,0,https://ici.radio-canada.ca/nouvelle/1809761/arresttation-quebec-beauport-spvq-menace,2021-07-17 16:01:24,local
Montréal_V2,police OR Sûreté,2,La Presse,Selon la police colombienne | Un ex-fonctionnaire haïtien aurait donné l'ordre direct de tuer Jovenel Moïse,2021-07-16,1,https://www.lapresse.ca/international/caraibes/2021-07-16/selon-la-police-colombienne/un-ex-fonctionnaire-haitien-aurait-donne-l-ordre-direct-de-tuer-jovenel-moise.php,2021-07-17 16:01:24,local
Montréal_V2,police OR Sûreté,3,ICI.Radio-Canada.ca,"La police passe les menottes à une jeune fille de sept ans, en crise, dans un refuge",2021-07-15,2,https://ici.radio-canada.ca/nouvelle/1809111/protection-jeunesse-sante-mentale-police-terre-neuve,2021-07-17 16:01:24,local
Montréal_V2,police OR Sûreté,4,La Presse,"Assassinat de Jovenel Moïse | Un geste planifié depuis la République dominicaine, selon la police d'Haïti",2021-07-15,2,https://www.lapresse.ca/international/caraibes/2021-07-15/assassinat-de-jovenel-moise/un-geste-planifie-depuis-la-republique-dominicaine-selon-la-police-d-haiti.php,2021-07-17 16:01:24,local
Montréal_V2,police OR Sûreté,5,Le Nouvelliste - Groupe Capitales Médias,Vigilance accrue de la Sûreté du Québec pour les semaines de la construction,2021-07-16,1,https://www.lenouvelliste.ca/actualites/vigilance-accrue-de-la-surete-du-quebec-pour-les-semaines-de-la-construction-e9be552d6d2f15c63e9e86c2ecd0c916,2021-07-17 16:01:25,local
Montréal_V2,police OR Sûreté,6,La Presse,Assassinat du président Jovenel Moïse | La police saisit un arsenal et arrête deux suspects,2021-07-15,2,https://www.lapresse.ca/international/caraibes/2021-07-15/assassinat-du-president-jovenel-moise/la-police-saisit-un-arsenal-et-arrete-deux-suspects.php,2021-07-17 16:01:25,local
Montréal_V2,police OR Sûreté,7,La Presse,En 2019 | La police de Las Vegas visée par une plainte pour la mort d'un Afro-Américain,2021-07-15,2,https://www.lapresse.ca/international/etats-unis/2021-07-15/en-2019/la-police-de-las-vegas-visee-par-une-plainte-pour-la-mort-d-un-afro-americain.php,2021-07-17 16:01:25,local
Montréal_V2,police OR Sûreté,8,Journal Le Manic,La police arrête une conductrice en état d'ébriété avancé à Baie-Comeau,2021-07-16,1,https://www.lemanic.ca/2021/07/16/la-police-arrete-une-conductrice-en-etat-debriete-avance-a-baie-comeau/,2021-07-17 16:01:26,local
Montréal_V2,police OR Sûreté,9,La Presse,Meurtres des frères Falduto | La police s'est demandé si sa taupe a tué Salvatore Scoppa,2021-07-14,3,https://www.lapresse.ca/actualites/justice-et-faits-divers/2021-07-14/meurtres-des-freres-falduto/la-police-s-est-demande-si-sa-taupe-a-tue-salvatore-scoppa.php,2021-07-17 16:01:26,local
Montréal_V2,police OR Sûreté,10,La Tribune - Groupe Capitales Médias,Pourquoi la police à moto? | Actualités,2021-07-12,5,https://www.latribune.ca/actualites/pourquoi-la-police-a-moto-0179c9ff1eb61b7ea18831c03fe26486,2021-07-17 16:01:26,local
Montréal_V2,police OR Sûreté,11,Le Journal de Québec,La police de Québec «escorte» un convoi de motards,2021-07-12,5,https://www.journaldequebec.com/2021/07/11/la-police-de-quebec-escorte-un-convoi-de-motards,2021-07-17 16:01:27,local
Montréal_V2,police OR Sûreté,12,ICI.Radio-Canada.ca,Un homme suspecté de voies de fait recherché par la police de Québec,2021-07-13,4,https://ici.radio-canada.ca/nouvelle/1808751/suspect-agression-quebec-saint-sauveur-recherche-police,2021-07-17 16:01:27,local
Montréal_V2,police OR Sûreté,13,Le Journal de Québec,Police de Québec: la présidente du syndicat se dit victime d'acharnement,2021-07-08,9,https://www.journaldequebec.com/2021/07/08/police-de-quebec-la-presidente-du-syndicat-se-dit-victime-dacharnement,2021-07-17 16:01:27,local
Montréal_V2,police OR Sûreté,14,Le Journal de Montréal,Plaqué contre un mur et menotté par la police après avoir filmé une intervention policière,2021-07-04,13,https://www.journaldemontreal.com/2021/07/04/plaque-contre-un-mur-et-menotte-par-la-police-apres-avoir-filme-une-intervention-policiere,2021-07-17 16:01:27,local
Montréal_V2,police OR Sûreté,15,ICI.Radio-Canada.ca,La police de Winnipeg poursuivie par la conjointe d'un homme mort après son arrestation,2021-06-25,22,https://ici.radio-canada.ca/nouvelle/1804359/poursuite-police-force-excessive-mort,2021-07-17 16:01:27,local
Montréal_V2,police OR Sûreté,16,Le Devoir,Police: le BEI blâmé dans un jugement,2021-07-16,1,https://www.ledevoir.com/societe/618558/police-le-bei-blame-dans-un-jugement,2021-07-17 16:01:28,local
Montréal_V2,police OR Sûreté,17,Le Citoyen Val-d'Or - Amos,Plus de 15 ans sans police,2021-07-12,5,https://www.lecitoyenvaldoramos.com/article/2021/07/12/plus-de-15-ans-sans-police,2021-07-17 16:01:28,local
Montréal_V2,police OR Sûreté,18,Le Journal de Montréal,Gatineau: le masturbateur du secteur Aylmer se livre à la police,2021-07-08,9,https://www.journaldemontreal.com/2021/07/08/gatineau-le-masturbateur-du-secteur-alymer-se-livre-a-la-police,2021-07-17 16:01:28,local
Montréal_V2,police OR Sûreté,19,Le Journal de Montréal,"France: une adolescente tuée par balle, «victime collatérale» selon la police",2021-07-09,8,https://www.journaldemontreal.com/2021/07/09/france-une-adolescente-tuee-par-balle-victime-collaterale-selon-la-police,2021-07-17 16:01:28,local
Montréal_V2,police OR Sûreté,20,La Presse,Financer la police autrement | La Presse,2021-06-25,22,https://www.lapresse.ca/debats/opinions/2021-06-25/financer-la-police-autrement.php,2021-07-17 16:01:28,local
Montréal_V2,police OR Sûreté,21,La Presse,Meurtres des frères Falduto | La police a utilisé sa taupe à au moins 13 reprises,2021-07-06,11,https://www.lapresse.ca/actualites/justice-et-faits-divers/2021-07-06/meurtres-des-freres-falduto/la-police-a-utilise-sa-taupe-a-au-moins-13-reprises.php,2021-07-17 16:01:29,local
Montréal_V2,police OR Sûreté,22,ICI.Radio-Canada.ca,Le maire de Vancouver dénonce l'inertie de sa police en matière de racisme systémique,2021-06-17,30,https://ici.radio-canada.ca/nouvelle/1802572/police-vancouver-kennedy-stewart-porte-parole,2021-07-17 16:01:29,local
Montréal_V2,police OR Sûreté,23,La Presse,Meurtres des frères Falduto | La taupe de la police a avoué avoir commis trois meurtres,2021-07-08,9,https://www.lapresse.ca/actualites/justice-et-faits-divers/2021-07-08/meurtres-des-freres-falduto/la-taupe-de-la-police-a-avoue-avoir-commis-trois-meurtres.php,2021-07-17 16:01:29,local
Montréal_V2,police OR Sûreté,24,Le Droit - Groupe Capitales Médias,Outaouais: nuit mouvementée pour la police | Justice et faits divers | Actualités,2021-06-18,29,https://www.ledroit.com/actualites/justice-et-faits-divers/outaouais-nuit-mouvementee-pour-la-police-b162c2d07bb69230d5aaedd697ef2c16,2021-07-17 16:01:29,local
Montréal_V2,police OR Sûreté,25,Le Journal de Québec,Saguenay: la police recherche un homme qui a refusé de porter un masque et a agressé une employée,2021-07-01,16,https://www.journaldequebec.com/2021/07/01/port-du-masque--altercation-dans-un-pfk-de-jonquiere,2021-07-17 16:01:29,local
Montréal_V2,Cégep,1,Le Journal Saint-François,Cégep de Valleyfield : offre de formation en santé bonifiée dans la région,2021-07-05,12,https://www.journalsaint-francois.ca/offre-de-formation-en-sante-soins-infirmiers-bonifiee-dans-la-region/,2021-07-17 16:01:39,local
Montréal_V2,Cégep,2,ICI.Radio-Canada.ca,"L'attrait des cégeps montréalais, au détriment de ceux des régions, suscite l'inquiétude",2021-06-22,25,https://ici.radio-canada.ca/nouvelle/1803685/cegep-region-inquiet-baie-comeau-rimouski,2021-07-17 16:01:40,local
Montréal_V2,Cégep,3,Le Journal de Québec,Gel des places dans les cégeps anglos,2021-06-18,29,https://www.journaldequebec.com/2021/06/18/gel-des-places-dans-les-cegeps-anglos,2021-07-17 16:01:40,local
Montréal_V2,Cégep,4,Journal Métro,Une hausse potentielle d'étudiants au Cégep «problématique»,2021-06-24,23,https://journalmetro.com/actualites/national/2659609/une-hausse-potentielle-detudiants-au-cegep-problematique/,2021-07-17 16:01:40,local
Montréal_V2,Cégep,5,La Presse,Québec présente une offre aux professeurs de cégep de la CSQ,2021-06-24,23,https://www.lapresse.ca/actualites/education/2021-06-24/quebec-presente-une-offre-aux-professeurs-de-cegep-de-la-csq.php,2021-07-17 16:01:40,local
Montréal_V2,Cégep,6,Le Droit - Groupe Capitales Médias,Vaccination des 18-34 ans en Outaouais: peu de craintes au Cégep et à l'UQO,2021-07-07,10,https://www.ledroit.com/actualites/covid-19/vaccination-des-18-34-ans-en-outaouais-peu-de-craintes-au-cegep-et-a-luqo-e6e5c3f5aafa3c676207f38189174914,2021-07-17 16:01:41,local
Montréal_V2,Cégep,7,Le Journal de Montréal,Une journée type dans un cégep anglais,2021-06-28,19,https://www.journaldemontreal.com/2021/06/28/une-journee-type-dans-un-cegep-anglais,2021-07-17 16:01:41,local
Montréal_V2,Cégep,8,L'Action,Trois journées de vaccination organisées par les cégeps de la région 17 juin,2021-06-17,30,https://www.laction.com/article/2021/06/17/trois-journees-de-vaccination-organisees-par-les-cegeps-de-la-region,2021-07-17 16:01:41,local
Montréal_V2,Cégep,9,Ameq en ligne,Cégep de Thetford - Rendez-vous sur les verts au profit de la Fondation,2021-07-16,1,https://ameqenligne.com/article/education/niveau/collegial/2/910605/rendez-vous-sur-les-verts-au-profit-de-la-fondation.html,2021-07-17 16:01:42,local
Montréal_V2,Cégep,10,TVA Nouvelles,"Joueur de football, même sans un bras",2021-07-16,1,https://www.tvanouvelles.ca/2021/07/16/joueur-de-football-meme-sans-un-bras-1,2021-07-17 16:01:42,local
Montréal_V2,Cégep,11,Le Devoir,Entente de principe entre Québec et les enseignants de cégep affiliés à la CSN,2021-06-22,25,https://www.ledevoir.com/societe/education/612975/negociations-syndicales-entente-de-principe-entre-quebec-et-les-enseignants-de-cegep-affilies-a-la-csn,2021-07-17 16:01:42,local
Montréal_V2,Cégep,12,Le Journal de Québec,Gel des effectifs: la solution «mur à mur» est déplorée par les cégeps anglos,2021-06-18,29,https://www.journaldequebec.com/2021/06/18/les-cegeps-anglos-deplorent-la-solution-mur-a-mur,2021-07-17 16:01:42,local
Montréal_V2,Cégep,13,L'Express - Drummondville,La clinique de vaccination s'arrêtera au Cégep - L'Express,2021-06-21,26,https://www.journalexpress.ca/2021/06/21/la-clinique-de-vaccination-sarretera-au-cegep/,2021-07-17 16:01:42,local
Montréal_V2,Cégep,14,Granby Express,Cégep de Granby: un jardin d'intérieur au nom de la Fondation Pierre Jules Crevier,2021-06-30,17,https://www.granbyexpress.com/2021/06/30/cegep-de-granby-un-jardin-dinterieur-au-nom-de-la-fondation-pierre-jules-crevier/,2021-07-17 16:01:43,local
Montréal_V2,Cégep,15,Mon Joliette,Une étudiante du Cégep à L'Assomption obtient une bourse provinciale Loran,2021-06-29,18,https://monjoliette.com/une-etudiante-du-cegep-a-lassomption-obtient-une-bourse-provinciale-loran/,2021-07-17 16:01:43,local
Montréal_V2,Cégep,16,Le Droit - Groupe Capitales Médias,Cégep de l'Outaouais: 14 programmes nécessaires pour rattraper la moyenne québécoise,2021-06-21,26,https://www.ledroit.com/actualites/education/cegep-de-loutaouais-14-programmes-necessaires-pour-rattraper-la-moyenne-quebecoise-921911d9ca7f929415db59826a1b5000,2021-07-17 16:01:43,local
Montréal_V2,Cégep,17,Le Droit - Groupe Capitales Médias,«Une grosse machine» qui agace le Cégep de l'Outaouais,2021-06-19,28,https://www.ledroit.com/actualites/une-grosse-machine-qui-agace-le-cegep-de-loutaouais-0451ccd4ce6f2454069a0f25c628e93f,2021-07-17 16:01:43,local
Montréal_V2,Cégep,18,La Nouvelle Union,"Le Cégep et la Ville de Victo, locataires du 33, rue Notre-Dame Est",2021-06-30,17,https://www.lanouvelle.net/2021/06/30/le-cegep-et-la-ville-de-victo-locataires-du-33-rue-notre-dame-est/,2021-07-17 16:01:44,local
Montréal_V2,Cégep,19,Le Soleil - Groupe Capitales Médias,Vers l'infini et plus loin encore pour une étudiante du Cégep Garneau,2021-06-27,20,https://www.lesoleil.com/actualite/vers-linfini-et-plus-loin-encore-pour-une-etudiante-du-cegep-garneau-e90df9e956e7de90e5f0026ea7cf1929,2021-07-17 16:01:44,local
Montréal_V2,Cégep,20,Mon Thetford,Un retour à la normalité espéré au Cégep de Thetford Accueil,2021-06-28,19,https://monthetford.com/un-retour-a-la-normalite-espere-au-cegep-de-thetford/,2021-07-17 16:01:44,local
Montréal_V2,Cégep,21,Radio Gaspésie C J R G - FM,Les cégeps de régions veulent leur part,2021-06-28,19,https://www.radiogaspesie.ca/nouvelles/actualite/lles-cegeps-de-regions-veulent-leur-part/,2021-07-17 16:01:44,local
Montréal_V2,Cégep,22,Journal Métro,"Sabina Muratova, représenter l'excellence | LaSalle",2021-07-16,1,https://journalmetro.com/local/lasalle/2670603/sabina-muratova-representer-lexcellence/,2021-07-17 16:01:45,local
Montréal_V2,Cégep,23,Le Nouvelliste - Groupe Capitales Médias,Nomination au Cégep de Shawinigan | Actualités,2021-06-21,26,https://www.lenouvelliste.ca/actualites/nomination-au-cegep-de-shawinigan-316b60f3c83242038093e3315940f551,2021-07-17 16:01:45,local
Montréal_V2,Cégep,24,Le Nouvelliste - Groupe Capitales Médias,Un centre des sciences au Parc de la rivière Batiscan en 2022?,2021-07-17,0,https://www.lenouvelliste.ca/ma-region/un-centre-des-sciences-au-parc-de-la-riviere-batiscan-en-2022-9663f40b9ab412245aa80aec0792b95e,2021-07-17 16:01:45,local
Montréal_V2,Cégep,25,L’Avantage gaspésien,Des élèves du Cégep de Matane prêtent main-forte à l'industrie touristique,2021-06-26,21,https://www.lavantagegaspesien.com/article/2021/06/26/des-eleves-du-cegep-de-matane-pretent-main-forte-a-l-industrie-touristique,2021-07-17 16:01:45,local
Montréal_V2,"""Centre de services scolaire"" OR ""Commission scolaire""",1,Mon Thetford,Le Centre de Services Scolaire des Appalaches actif cet été,2021-07-13,4,https://monthetford.com/le-centre-de-services-scolaire-des-appalaches-actif-cet-ete/,2021-07-17 16:01:55,local
Montréal_V2,"""Centre de services scolaire"" OR ""Commission scolaire""",2,Le Reflet du Lac,Centre de services scolaire des Sommets: un budget équilibré et des investissements,2021-07-06,11,https://www.lerefletdulac.com/2021/07/06/centre-de-services-scolaire-des-sommets-un-budget-equilibre-et-des-investissements/,2021-07-17 16:01:56,local
Montréal_V2,"""Centre de services scolaire"" OR ""Commission scolaire""",3,Le Devoir,Les pratiques d'inclusion à l'épreuve dans une commission scolaire de Montréal,2021-07-03,14,https://www.ledevoir.com/societe/education/615558/education-les-pratiques-d-inclusion-a-l-epreuve-de-la-realite,2021-07-17 16:01:56,local
Montréal_V2,"""Centre de services scolaire"" OR ""Commission scolaire""",4,La Presse,Côte-des-Neiges–Notre-Dame-de-Grâce | Le président de la Commission scolaire English-Montreal candidat avec Coderre,2021-07-07,10,https://www.lapresse.ca/actualites/grand-montreal/2021-07-07/cote-des-neiges-notre-dame-de-grace/le-president-de-la-commission-scolaire-english-montreal-candidat-avec-coderre.php,2021-07-17 16:01:56,local
Montréal_V2,"""Centre de services scolaire"" OR ""Commission scolaire""",5,La Presse,Questions préembauche intrusives | Rappel à l'ordre,2021-07-16,1,https://www.lapresse.ca/actualites/2021-07-16/questions-preembauche-intrusives/rappel-a-l-ordre.php,2021-07-17 16:01:56,local
Montréal_V2,"""Centre de services scolaire"" OR ""Commission scolaire""",6,Ma Beauce,Le Centre de services scolaire de la Beauce-Etchemin déplacera la formation spécialisée en charpenterie-menuiserie,2021-07-14,3,https://mabeauce.com/le-centre-de-services-scolaire-de-la-beauce-etchemin-deplacera-la-formation-specialisee-en-charpenterie-menuiserie/,2021-07-17 16:01:57,local
Montréal_V2,"""Centre de services scolaire"" OR ""Commission scolaire""",7,Courrier Frontenac,Le Centre de services scolaire des Appalaches demeure actif tout l'été,2021-06-27,20,https://www.courrierfrontenac.qc.ca/2021/06/27/le-centre-de-services-scolaire-des-appalaches-demeure-actif-tout-lete/,2021-07-17 16:01:57,local
Montréal_V2,"""Centre de services scolaire"" OR ""Commission scolaire""",8,La Voix de l'est - Groupe Capitales Médias,Une juge ordonne à un président de commission scolaire de nettoyer ses terrains,2021-06-26,21,https://www.lavoixdelest.ca/actualites/une-juge-ordonne-a-un-president-de-commission-scolaire-de-nettoyer-ses-terrains-7d34027c9733b0c6ae282dace4ac0ebc,2021-07-17 16:01:57,local
Montréal_V2,"""Centre de services scolaire"" OR ""Commission scolaire""",9,Ameq en ligne,Postes d'enseignant à combler - Année scolaire 2021-2022,2021-07-12,5,https://ameqenligne.com/offre/emplois/education/260868/centre-de-services-scolaire-du-fer/personnel-enseignant/cote-nord/postes-d-enseignant-a-combler-annee-scolaire-2021-2022.html,2021-07-17 16:01:57,local
Montréal_V2,"""Centre de services scolaire"" OR ""Commission scolaire""",10,Le Journal de Montréal,Hausse de loyer de 222 %: une facture salée menace des organismes,2021-07-17,0,https://www.journaldemontreal.com/2021/07/17/une-facture-salee-menace-des-organismes,2021-07-17 16:01:58,local
Montréal_V2,"""Centre de services scolaire"" OR ""Commission scolaire""",11,Le Journal de Montréal,Les psychologues scolaires sont des oiseaux rares,2021-06-20,27,https://www.journaldemontreal.com/2021/06/20/les-psychologues-scolaires-sont-un-oiseau-rare,2021-07-17 16:01:58,local
Montréal_V2,"""Centre de services scolaire"" OR ""Commission scolaire""",12,L'Express - Drummondville,Les comptes de taxe scolaire bientôt dans la poste - L'Express,2021-06-22,25,https://www.journalexpress.ca/2021/06/22/les-comptes-de-taxe-scolaire-bientot-dans-la-poste/,2021-07-17 16:01:58,local
Montréal_V2,"""Centre de services scolaire"" OR ""Commission scolaire""",13,Le Journal de Montréal,Faire la maternelle dans un vestiaire | JDM,2021-07-15,2,https://www.journaldemontreal.com/2021/07/15/faire-la-maternelle-dans-un-vestiaire,2021-07-17 16:01:58,local
Montréal_V2,"""Centre de services scolaire"" OR ""Commission scolaire""",14,Le Journal Saint-François,Une école secondaire grande comme 15 piscines olympiques,2021-07-16,1,https://www.journalsaint-francois.ca/Une-ecole-secondaire-grande-comme-15-piscines-olympiques/,2021-07-17 16:01:58,local
Montréal_V2,"""Centre de services scolaire"" OR ""Commission scolaire""",15,La Nouvelle Union,Taxe scolaire : 40 693 comptes expédiés le 12 juillet,2021-06-30,17,https://www.lanouvelle.net/2021/06/30/taxe-scolaire-40-693-comptes-expedies-le-12-juillet/,2021-07-17 16:01:58,local
Montréal_V2,"""Centre de services scolaire"" OR ""Commission scolaire""",16,Ameq en ligne,Centre de services scolaire des Portages-de-l'Outaouais - Fusion du CFP Vision-Avenir et de l'École des métiers spécialisés Asticou,2021-07-09,8,https://ameqenligne.com/article/education/categorie/generale/21/909397/fusion-du-cfp-vision-avenir-et-de-l-ecole-des-metiers-specialises-asticou.html,2021-07-17 16:01:59,local
Montréal_V2,"""Centre de services scolaire"" OR ""Commission scolaire""",17,ICI.Radio-Canada.ca,Hausse des abandons de l'école à Sherbrooke,2021-07-01,16,https://ici.radio-canada.ca/nouvelle/1805886/scolaire-eleve-difficulte-pandemie-decrochage-perseverance,2021-07-17 16:01:59,local
Montréal_V2,"""Centre de services scolaire"" OR ""Commission scolaire""",18,La Nouvelle Union,Une foire de l'emploi pour les services de garde le 13 août,2021-06-29,18,https://www.lanouvelle.net/2021/06/29/une-foire-de-lemploi-pour-les-services-de-garde-le-13-aout/,2021-07-17 16:01:59,local
Montréal_V2,"""Centre de services scolaire"" OR ""Commission scolaire""",19,L'Éclaireur Progrès,Des prévisions budgétaires de 258 M$,2021-06-30,17,https://www.leclaireurprogres.ca/des-previsions-budgetaires-de-258-m/,2021-07-17 16:01:59,local
Montréal_V2,"""Centre de services scolaire"" OR ""Commission scolaire""",20,La Presse,Crimes sexuels à Sherbrooke | Une enseignante suppléante au secondaire arrêtée,2021-07-13,4,https://www.lapresse.ca/actualites/justice-et-faits-divers/2021-07-13/crimes-sexuels-a-sherbrooke/une-enseignante-suppleante-au-secondaire-arretee.php,2021-07-17 16:02:00,local
Montréal_V2,"""Centre de services scolaire"" OR ""Commission scolaire""",21,ICI.Radio-Canada.ca,Les jardins de l'École Louis-de-France vandalisés,2021-07-14,3,https://ici.radio-canada.ca/nouvelle/1808962/vandalisme-eleves-ecole-primaire-jardins-educatifs-projet-directrice,2021-07-17 16:02:00,local
Montréal_V2,"""Centre de services scolaire"" OR ""Commission scolaire""",22,Le Journal de Québec,Le nombre de décrocheurs a explosé dans la dernière année en raison de la pandémie,2021-06-28,19,https://www.journaldequebec.com/2021/06/28/le-nombre-de-decrocheurs-explose,2021-07-17 16:02:00,local
Montréal_V2,"""Centre de services scolaire"" OR ""Commission scolaire""",23,Ameq en ligne,Centre de services scolaire de l'Énergie - Les élèves de la classe de maternelle de Mme Claire offrent du bonheur aux personnes âgées de la Résidence Grand-Mère,2021-06-23,24,https://ameqenligne.com/article/education/categorie/generale/21/906776/les-eleves-de-la-classe-de-maternelle-de-mme-claire-offrent-du-bonheur-aux-personnes-agees-de-la-residence-grand-mere.html,2021-07-17 16:02:00,local
Montréal_V2,"""Centre de services scolaire"" OR ""Commission scolaire""",24,L'Éclaireur Progrès,Mettre en lumière nos finissantes et nos finissants,2021-06-18,29,https://www.leclaireurprogres.ca/mettre-en-lumiere-nos-finissantes-et-nos-finissants/,2021-07-17 16:02:00,local
Montréal_V2,"""Centre de services scolaire"" OR ""Commission scolaire""",25,Ma Beauce,Le CSSBE devra déménager sa formation spécialisée en charpenterie-menuiserie dans de nouveaux locaux,2021-07-14,3,https://mabeauce.com/le-cssbe-devra-demenager-sa-formation-specialisee-en-charpenterie-menuiserie-dans-de-nouveaux-locaux/,2021-07-17 16:02:00,local
Montréal_V2,CISSS OR CIUSSS,1,Ma Côte-Nord,La PDG du CISSS aimerait que le réseau de la santé Côte-Nord devienne un modèle d'harmonie avec les Innus,2021-07-16,1,https://macotenord.com/la-pdg-du-cisss-aimerait-que-le-reseau-de-la-sante-cote-nord-devienne-un-modele-dharmonie-avec-les-innus/,2021-07-17 16:02:10,local
Montréal_V2,CISSS OR CIUSSS,2,Le Journal de Québec,Une ex-militaire à la tête du CISSS de la Côte-Nord,2021-07-14,3,https://www.journaldequebec.com/2021/07/14/une-ex-militaire-a-la-tete-du-cisss-de-la-cote-nord-1,2021-07-17 16:02:11,local
Montréal_V2,CISSS OR CIUSSS,3,Radio-Canada.ca,Lettre à cœur ouvert des urgentistes du CIUSSS de l'Est-de-l'Île-de-Montréal,2021-07-13,4,https://ici.radio-canada.ca/nouvelle/1808276/urgentistes-ciusss-est-de-ile-de-montreal-personnel-sante-lettre,2021-07-17 16:02:11,local
Montréal_V2,CISSS OR CIUSSS,4,La Releve,COVID-19 : le CISSS va à la rencontre des jeunes avec sa roulotte mobile de vaccination,2021-07-14,3,https://www.lareleve.qc.ca/2021/07/14/le-cisss-va-a-la-rencontre-des-jeunes-avec-sa-roulotte-de-vaccination/,2021-07-17 16:02:11,local
Montréal_V2,CISSS OR CIUSSS,5,Le Soleil - Groupe Capitales Médias,Débordements à l'urgence du CHUL: le CIUSSS «en action»,2021-07-14,3,https://www.lesoleil.com/actualite/sante/debordements-a-lurgence-du-chul-le-ciusss-en-action-7db50cb90e494774150387bccef42758,2021-07-17 16:02:11,local
Montréal_V2,CISSS OR CIUSSS,6,Nord Info et Voix des Mille-Iles,Une application mobile pour le CISSS,2021-06-21,26,https://www.nordinfo.com/actualites/une-application-mobile-pour-le-cisss/,2021-07-17 16:02:12,local
Montréal_V2,CISSS OR CIUSSS,7,Le Droit - Groupe Capitales Médias,Le CIUSSS décentralisera des milliers de chirurgies à Bromont,2021-07-16,1,https://www.ledroit.com/actualites/le-fil-groupe-capitales-medias/le-ciusss-decentralisera-des-milliers-de-chirurgies-a-bromont-c628335834a8e9de06890d6738c20b0e,2021-07-17 16:02:12,local
Montréal_V2,CISSS OR CIUSSS,8,Le Journal de Montréal,Le CIUSSS de l'Est-de-l'Île-de-Montréal victime d'une cyberattaque,2021-06-17,30,https://www.journaldemontreal.com/2021/06/17/le-ciusss-de-lest-de-lile-de-montreal-victime-dune-cyberattaque,2021-07-17 16:02:12,local
Montréal_V2,CISSS OR CIUSSS,9,Le Journal de Chambly,Un Vaccibus dans les quartiers du CISSS de la Montérégie-Centre - Le journal de Chambly,2021-07-13,4,https://www.journaldechambly.com/un-vaccibus-dans-les-quartiers-du-cisss-de-la-monteregie-centre/,2021-07-17 16:02:13,local
Montréal_V2,CISSS OR CIUSSS,10,La Presse,CIUSSS de l'Est-de-l'Île-de-Montréal | La réorganisation vers des aires de travail partagé crée des remous,2021-06-20,27,https://www.lapresse.ca/actualites/sante/2021-06-20/ciusss-de-l-est-de-l-ile-de-montreal/la-reorganisation-vers-des-aires-de-travail-partage-cree-des-remous.php,2021-07-17 16:02:13,local
Montréal_V2,CISSS OR CIUSSS,11,Le Journal de Montréal,Placés en famille d'accueil au lieu d'être avec leur grand-mère: le CIUSSS de l'Estrie porte la cause en appel,2021-07-08,9,https://www.journaldemontreal.com/2021/07/08/places-en-famille-daccueil-au-lieu-detre-avec-leur-grand-mere-le-ciusss-de-lestrie-porte-la-cause-en-appel-1,2021-07-17 16:02:13,local
Montréal_V2,CISSS OR CIUSSS,12,La Presse,"CISSS de la Montérégie-Ouest | La pénurie de personnel met à risque les soins offerts, selon le syndicat",2021-06-23,24,https://www.lapresse.ca/actualites/sante/2021-06-23/cisss-de-la-monteregie-ouest/la-penurie-de-personnel-met-a-risque-les-soins-offerts-selon-le-syndicat.php,2021-07-17 16:02:13,local
Montréal_V2,CISSS OR CIUSSS,13,Le Journal de Montréal,Granby: un maire rejeté par son CIUSSS?,2021-07-06,11,https://www.journaldemontreal.com/2021/07/06/granby-un-maire-rejete-par-son-ciusss,2021-07-17 16:02:13,local
Montréal_V2,CISSS OR CIUSSS,14,Nord Info et Voix des Mille-Iles,Les employés réclament un engagement ferme du CISSS,2021-06-18,29,https://www.nordinfo.com/actualites/les-employes-reclament-un-engagement-ferme-du-cisss/,2021-07-17 16:02:13,local
Montréal_V2,CISSS OR CIUSSS,15,VINGT 55 Média web,Achalandage important et pénurie de main-d'œuvre – Le CIUSSS MCQ invite la population à éviter de consulter dans les urgences pour des problèmes de santé mineurs,2021-07-01,16,https://vingt55.ca/achalandage-important-et-penurie-de-main-doeuvre-le-ciusss-mcq-invite-la-population-a-eviter-de-consulter-dans-les-urgences-pour-des-problemes-de-sante-mineurs/,2021-07-17 16:02:14,local
Montréal_V2,CISSS OR CIUSSS,16,Le Devoir,Heures supplémentaires: la cour tranche sur le conflit de travail d'infirmières des Laurentides,2021-07-16,1,https://www.ledevoir.com/societe/618684/heures-supplementaires-la-cour-tranche-sur-le-conflit-de-travail-d-infirmieres-des-laurentides,2021-07-17 16:02:14,local
Montréal_V2,CISSS OR CIUSSS,17,Nord Info et Voix des Mille-Iles,Le CISSS recherche des familles d'accueil,2021-06-29,18,https://www.nordinfo.com/actualites/le-cisss-recherche-des-familles-daccueil/,2021-07-17 16:02:14,local
Montréal_V2,CISSS OR CIUSSS,18,Le Courrier du Sud,CISSS de la Montérégie-Est: les urgences à éviter en cas de problèmes de santé mineurs,2021-07-05,12,https://www.lecourrierdusud.ca/cisss-monteregie-est-urgence-a-eviter-en-cas-de-problemes-de-sante-mineurs/,2021-07-17 16:02:14,local
Montréal_V2,CISSS OR CIUSSS,19,Le Soleil - Groupe Capitales Médias,Le CIUSSS de la Capitale-Nationale réclame 96 000 $ versés en trop à des employés,2021-06-24,23,https://www.lesoleil.com/actualite/la-capitale/le-ciusss-de-la-capitale-nationale-reclame-96-000--verses-en-trop-a-des-employes-f66b7278dff7d9a8ed5f6f3fea1b025e,2021-07-17 16:02:14,local
Montréal_V2,CISSS OR CIUSSS,20,ICI.Radio-Canada.ca,COVID-19 : la PDG du CISSS croit que les entreprises devraient être plus transparentes | Coronavirus,2021-06-22,25,https://ici.radio-canada.ca/nouvelle/1803830/troisieme-vague-viande-du-breton-cisss-bas-saint-laurent-eclosion,2021-07-17 16:02:14,local
Montréal_V2,CISSS OR CIUSSS,21,Le Courrier Sud,"«On est dû pour des vacances», dit le PDG du CIUSSS MCQ",2021-06-20,27,https://www.lecourriersud.com/on-est-du-pour-des-vacances-dit-le-pdg-du-ciusss-mcq/,2021-07-17 16:02:15,local
Montréal_V2,CISSS OR CIUSSS,22,ICI.Radio-Canada.ca,Le CISSS-AT a enfreint les règles lors d'un appel d'offres,2021-06-23,24,https://ici.radio-canada.ca/nouvelle/1804097/autorite-marches-publics-contrat-chauffage-ventilation,2021-07-17 16:02:15,local
Montréal_V2,CISSS OR CIUSSS,23,ICI.Radio-Canada.ca,Obstétrique à Ville-Marie : le CISSS-AT à la recherche d'infirmières qualifiées,2021-07-02,15,https://ici.radio-canada.ca/nouvelle/1805894/obstetrique-femme-enceinte-accoucher-manque-infirmiere-hopital,2021-07-17 16:02:15,local
Montréal_V2,CISSS OR CIUSSS,24,Mon Joliette,Fermeture de lits lors de la période estivale : Le CISSS fait le point,2021-07-09,8,https://monjoliette.com/fermeture-de-lits-lors-de-la-periode-estivale-le-cisss-fait-le-point/,2021-07-17 16:02:15,local
Montréal_V2,CISSS OR CIUSSS,25,Mon Thetford,Le CISSS se dote d'un VacciBus Accueil,2021-06-30,17,https://monthetford.com/le-cisss-se-dote-dun-vaccibus/,2021-07-17 16:02:15,local
Montréal_V2,maire OR mairesse,1,Le Journal de Montréal,Le maire de Toronto réclame un passeport sanitaire,2021-07-14,3,https://www.journaldemontreal.com/2021/07/14/le-maire-de-toronto-reclame-un-passeport-sanitaire,2021-07-17 16:02:26,local
Montréal_V2,maire OR mairesse,2,Info Dimanche,Le maire de Saint-Jean-de-la-Lande comparait devant la Commission municipale du Québec | infodimanche.com,2021-07-16,1,https://www.infodimanche.com/actualites/actualite/431892/le-maire-de-saint-jean-de-la-lande-comparait-devant-la-commission-municipale-du-quebec,2021-07-17 16:02:26,local
Montréal_V2,maire OR mairesse,3,Le Soleil - Groupe Capitales Médias,La mairesse Louisette Langlois règle ses comptes avec le conseil municipal de Chandler,2021-07-12,5,https://www.lesoleil.com/actualite/en-region/la-mairesse-louisette-langlois-regle-ses-comptes-avec-le-conseil-municipal-de-chandler-8a7d0573b24d6eb96576a17c5c4ac936,2021-07-17 16:02:26,local
Montréal_V2,maire OR mairesse,4,ICI.Radio-Canada.ca,Le maire de Saint-Jean-de-la-Lande devant la Commission municipale du Québec,2021-07-14,3,https://ici.radio-canada.ca/nouvelle/1809061/jean-marc-belzile-saint-jean-de-la-lande-deontologie-commission-municipale,2021-07-17 16:02:27,local
Montréal_V2,maire OR mairesse,5,Le Progrès de Coaticook,La mairesse de Waterville sollicitera un troisième mandat,2021-07-16,1,https://www.leprogres.net/2021/07/16/la-mairesse-de-waterville-sollicitera-un-troisieme-mandat/,2021-07-17 16:02:27,local
Montréal_V2,maire OR mairesse,6,La Nouvelle Union,L'ancien maire Henri Normand n'est plus,2021-07-13,4,https://www.lanouvelle.net/2021/07/13/lancien-maire-henri-normand-nest-plus/,2021-07-17 16:02:27,local
Montréal_V2,maire OR mairesse,7,La Presse,La mairesse de Montréal inaugure une peinture à l'honneur du Canadien,2021-07-10,7,https://www.lapresse.ca/actualites/grand-montreal/2021-07-10/la-mairesse-de-montreal-inaugure-une-peinture-a-l-honneur-du-canadien.php,2021-07-17 16:02:28,local
Montréal_V2,maire OR mairesse,8,Le Journal de Montréal,Granby: un maire rejeté par son CIUSSS?,2021-07-06,11,https://www.journaldemontreal.com/2021/07/06/granby-un-maire-rejete-par-son-ciusss,2021-07-17 16:02:28,local
Montréal_V2,maire OR mairesse,9,Le Journal de Montréal,Le maire de Saint-Lambert poursuivi pour 500 000$,2021-07-03,14,https://www.journaldemontreal.com/2021/07/03/le-maire-de-saint-lambert-poursuivi-pour-500000,2021-07-17 16:02:28,local
Montréal_V2,maire OR mairesse,10,La Presse,Côte-des-Neiges–Notre-Dame-de-Grâce | La mairesse Sue Montgomery coupable de 11 manquements déontologiques,2021-06-28,19,https://www.lapresse.ca/actualites/grand-montreal/2021-06-28/cote-des-neiges-notre-dame-de-grace/la-mairesse-sue-montgomery-coupable-de-11-manquements-deontologiques.php,2021-07-17 16:02:28,local
Montréal_V2,maire OR mairesse,11,Le Journal de Montréal,Municipalité de Brownsburg-Chatham: la mairesse citée en déontologie,2021-06-29,18,https://www.journaldemontreal.com/2021/06/29/municipalite-de-brownsburg-chatham-la-mairesse-citee-en-deontologie,2021-07-17 16:02:28,local
Montréal_V2,maire OR mairesse,12,La Voix du Sud,Saint-Raphaël : décès du maire Gilles Breton,2021-07-12,5,https://www.lavoixdusud.com/2021/07/11/saint-raphael-deces-du-maire-gilles-breton/,2021-07-17 16:02:29,local
Montréal_V2,maire OR mairesse,13,TVA Nouvelles,La Cour supérieure déboute la mairesse de Chandler,2021-07-01,16,https://www.tvanouvelles.ca/2021/07/01/la-cour-superieure-deboute-la-mairesse-de-chandler-1,2021-07-17 16:02:29,local
Montréal_V2,maire OR mairesse,14,La Tribune - Groupe Capitales Médias,Urgence de Coaticook: le maire préoccupé pour la clientèle de Foresta Lumina,2021-07-14,3,https://www.latribune.ca/actualites/urgence-de-coaticook-le-maire-preoccupe-pour-la-clientele-de-foresta-lumina-34474e3e5618b938a9c7ae7ae42a30b4,2021-07-17 16:02:29,local
Montréal_V2,maire OR mairesse,15,La Presse,Élections présidentielles de 2022 | La mairesse de Paris Anne Hidalgo fait un nouveau pas vers sa candidature,2021-06-30,17,https://www.lapresse.ca/international/europe/2021-06-30/elections-presidentielles-de-2022/la-mairesse-de-paris-anne-hidalgo-fait-un-nouveau-pas-vers-sa-candidature.php,2021-07-17 16:02:29,local
Montréal_V2,maire OR mairesse,16,ICI.Radio-Canada.ca,Le maire de Saint-Narcisse veut éviter la démolition du barrage,2021-07-12,5,https://ici.radio-canada.ca/nouvelle/1808290/hydro-quebec-electricite-maire-riviere-batiscan-passerelle,2021-07-17 16:02:29,local
Montréal_V2,maire OR mairesse,17,Le Journal de Montréal,La mairesse de Tampa a «retenu la leçon»,2021-07-06,11,https://www.journaldemontreal.com/2021/07/06/la-mairesse-de-tampa-a-retenu-la-lecon,2021-07-17 16:02:30,local
Montréal_V2,maire OR mairesse,18,Le Parisien,Mennecy: la première adjointe démise de ses délégations par le maire,2021-07-17,0,https://www.leparisien.fr/essonne-91/mennecy-91540/mennecy-la-premiere-adjointe-demise-de-ses-delegations-par-le-maire-17-07-2021-OZI4LRTP55BDVCRPYWBKV3TOIM.php,2021-07-17 16:02:30,local
Montréal_V2,maire OR mairesse,19,ICI.Radio-Canada.ca,Le maire d'Alfred-Plantagenet veut défendre les couleurs progressistes-conservatrices,2021-07-13,4,https://ici.radio-canada.ca/nouvelle/1808802/elections-ontario-2022-glengarry-prescott-russell-amanda-simard-stephane-sarrazin,2021-07-17 16:02:30,local
Montréal_V2,maire OR mairesse,20,Cool Fm,Le maire de St-Joseph-de-Beauce ne sollicitera pas un nouveau mandat,2021-07-13,4,http://www.coolfm.biz/nouvelle/6108-le-maire-de-st-joseph-de-beauce-ne-sollicitera-pas-un-nouveau-mandat,2021-07-17 16:02:30,local
Montréal_V2,maire OR mairesse,21,Le Journal de Montréal,Fusillades: la mairesse Plante toujours préoccupée | JDM,2021-06-21,26,https://www.journaldemontreal.com/2021/06/21/fusillades-la-mairesse-plante-toujours-preoccupee,2021-07-17 16:02:30,local
Montréal_V2,maire OR mairesse,22,La Presse,New York | Scrutin incertain pour désigner le prochain maire,2021-06-22,25,https://www.lapresse.ca/international/etats-unis/2021-06-22/new-york/scrutin-incertain-pour-designer-le-prochain-maire.php,2021-07-17 16:02:30,local
Montréal_V2,maire OR mairesse,23,Granby Express,Les hommages fusent pour l'ex-maire de Granby Richard Goulet,2021-07-07,10,https://www.granbyexpress.com/2021/07/07/les-hommages-fusent-pour-lex-maire-de-granby-richard-goulet/,2021-07-17 16:02:31,local
Montréal_V2,maire OR mairesse,24,Acadie Nouvelle,Questions-réponses avec la mairesse de Petit-Rocher,2021-07-08,9,https://www.acadienouvelle.com/actualites/2021/07/08/questions-reponses-avec-la-mairesse-de-petit-rocher/,2021-07-17 16:02:31,local
Montréal_V2,maire OR mairesse,25,ICI.Radio-Canada.ca,"Décès du maire de la Cité de Clarence-Rockland, Guy Desjardins",2021-07-04,13,https://ici.radio-canada.ca/nouvelle/1806360/guy-desjardins-deces-cite-clarence-rockland,2021-07-17 16:02:31,local
Montréal_V2,candidat,1,L'Écho de La Tuque,Alain Baribeault sera candidat dans le quartier de l'Aéroport,2021-07-16,1,https://www.lechodelatuque.com/actualites/alain-baribeault-sera-candidat-dans-le-quartier-de-laeroport/,2021-07-17 16:02:41,local
Montréal_V2,candidat,2,Le Journal de Québec,Un deuxième candidat pour la mairie de Sept-Îles,2021-07-09,8,https://www.journaldequebec.com/2021/07/09/un-deuxieme-candidat-pour-la-mairie-de-sept-iles-1,2021-07-17 16:02:42,local
Montréal_V2,candidat,3,La Presse,France | L'ex-No 2 du Front national candidat à la présidentielle de 2022,2021-07-14,3,https://www.lapresse.ca/international/europe/2021-07-14/france/l-ex-no-2-du-front-national-candidat-a-la-presidentielle-de-2022.php,2021-07-17 16:02:42,local
Montréal_V2,candidat,4,L'Hebdo Journal,Politique Martin Francoeur candidat à l'investiture du Parti libéral du Canada,2021-07-16,1,https://www.lhebdojournal.com/martin-francoeur-candidat-a-linvestiture-du-parti-liberal-du-canada/,2021-07-17 16:02:42,local
Montréal_V2,candidat,5,Journal Métro,Gilles Grondin annonce sa candidature à la mairie,2021-07-15,2,https://journalmetro.com/local/rosemont-la-petite-patrie/2670470/gilles-grondin-annonce-sa-candidature-a-la-mairie/,2021-07-17 16:02:42,local
Montréal_V2,candidat,6,La Presse,Le PLC met de côté des vétérans pour une candidate vedette à Québec,2021-07-17,0,https://www.lapresse.ca/actualites/analyse/2021-07-17/le-plc-met-de-cote-des-veterans-pour-une-candidate-vedette-a-quebec.php,2021-07-17 16:02:42,local
Montréal_V2,candidat,7,Granby Express,Granby: un autre candidat dans le district 8,2021-07-12,5,https://www.granbyexpress.com/2021/07/12/granby-un-autre-candidat-dans-le-district-8/,2021-07-17 16:02:43,local
Montréal_V2,candidat,8,ICI.Radio-Canada.ca,Le candidat controversé à la mairie de Calgary plaide coupable,2021-07-12,5,https://ici.radio-canada.ca/nouvelle/1808421/mairie-candidats-violents-incitation-haine,2021-07-17 16:02:43,local
Montréal_V2,candidat,9,La Nouvelle Union,Pierre Fortier sera candidat à la mairie de la Ville de Plessisville,2021-07-13,4,https://www.lanouvelle.net/2021/07/13/pierre-fortier-sera-candidat-a-la-mairie-de-la-ville-de-plessisville/,2021-07-17 16:02:43,local
Montréal_V2,candidat,10,La Presse,Alliance entre deux candidats à la mairie de Montréal,2021-07-12,5,https://www.lapresse.ca/actualites/grand-montreal/2021-07-12/alliance-entre-deux-candidats-a-la-mairie-de-montreal.php,2021-07-17 16:02:43,local
Montréal_V2,candidat,11,Journal Métro,Luis Miranda sera à nouveau candidat à la mairie d'Anjou,2021-07-13,4,https://journalmetro.com/local/mercier-anjou/2669136/luis-miranda-sera-a-nouveau-candidat-a-la-mairie-danjou/,2021-07-17 16:02:44,local
Montréal_V2,candidat,12,L’actualité,Le député conservateur Steven Blaney ne sera pas candidat aux prochaines élections,2021-07-15,2,https://lactualite.com/actualites/le-depute-conservateur-steven-blaney-ne-sera-pas-candidat-aux-prochaines-elections/,2021-07-17 16:02:44,local
Montréal_V2,candidat,13,Le Journal de Québec,Sept-Îles: un premier candidat se présente officiellement à la mairie,2021-06-29,18,https://www.journaldequebec.com/2021/06/29/sept-iles-un-premier-candidat-se-presente-officiellement-a-la-mairie-1,2021-07-17 16:02:44,local
Montréal_V2,candidat,14,La Presse,Coderre veut transformer le Marché Bonsecours en marché public,2021-07-15,2,https://www.lapresse.ca/actualites/grand-montreal/2021-07-15/coderre-veut-transformer-le-marche-bonsecours-en-marche-public.php,2021-07-17 16:02:44,local
Montréal_V2,candidat,15,Le Journal de Montréal,Un candidat politique fier d'être un adepte de sadomasochisme,2021-06-19,28,https://www.journaldemontreal.com/2021/06/19/un-candidat-politique-fier-detre-un-adepte-de-sadomasochisme-1,2021-07-17 16:02:44,local
Montréal_V2,candidat,16,Le Journal de Montréal,COVID-19: Cuba autorise en urgence son candidat-vaccin Abdala,2021-07-09,8,https://www.journaldemontreal.com/2021/07/09/covid-19-cuba-autorise-en-urgence-son-candidat-vaccin-abdala,2021-07-17 16:02:45,local
Montréal_V2,candidat,17,France Bleu,Le département des Landes candidat à la recentralisation du RSA,2021-07-17,0,https://www.francebleu.fr/infos/economie-social/le-departement-des-landes-candidat-a-la-recentralisation-du-rsa-1626441088,2021-07-17 16:02:45,local
Montréal_V2,candidat,18,La Tribune - Groupe Capitales Médias,Un candidat s'affiche dans le district du Lac-des-Nations,2021-06-29,18,https://www.latribune.ca/ma-region/un-candidat-saffiche-dans-le-district-du-lac-des-nations-84f28c286374f92586b4d2297760bf32,2021-07-17 16:02:45,local
Montréal_V2,candidat,19,Le Journal de Joliette,Claude St-Cyr est le nouveau candidat de Vision Joliette dans le district 7,2021-07-15,2,https://www.lejournaldejoliette.ca/actualites/politique/431827/claude-st-cyr-est-le-nouveau-candidat-de-vision-joliette-dans-le-district-7,2021-07-17 16:02:45,local
Montréal_V2,candidat,20,Les 2 Rives,Le candidat Jocelyn Daneau dévoile ses orien...,2021-07-06,11,https://www.les2rives.com/le-candidat-jocelyn-daneau-devoile-ses-orientations-et-des-engagements/,2021-07-17 16:02:46,local
Montréal_V2,candidat,21,Le Soleil - Groupe Capitales Médias,Élections municipales 2021: Boufeldja Benabdallah candidat pour Équipe Marie-Josée Savard [VIDÉO],2021-06-18,29,https://www.lesoleil.com/actualite/la-capitale/elections-municipales-2021-boufeldja-benabdallah-candidat-pour-equipe-marie-josee-savard-video-6c354ca84dc32475f012dbdcd3901651,2021-07-17 16:02:46,local
Montréal_V2,candidat,22,Le Soleil - Groupe Capitales Médias,"COVID: le candidat-vaccin de Cuba efficace à 92,28%",2021-06-21,26,https://www.lesoleil.com/actualite/monde/covid-le-candidat-vaccin-de-cuba-efficace-a-9228-757a1cf506cc5a9cac48d3f2dde17089,2021-07-17 16:02:46,local
Montréal_V2,candidat,23,ICI.Radio-Canada.ca,Un premier candidat à la mairie d'Amqui,2021-06-23,24,https://ici.radio-canada.ca/nouvelle/1803936/normand-boulianne-amqui-mairie-conseiller-elections,2021-07-17 16:02:46,local
Montréal_V2,candidat,24,Le Droit - Groupe Capitales Médias,Action Gatineau présente son candidat dans Parc-de-la-montagne-Saint-Raymond,2021-07-06,11,https://www.ledroit.com/actualites/gatineau/action-gatineau-presente-son-candidat-dans-parc-de-la-montagne-saint-raymond-639784e96658ca0b74f15246f8b6e708,2021-07-17 16:02:46,local
Montréal_V2,candidat,25,Le Point,"Éric Zemmour, candidat ?",2021-07-15,2,https://www.lepoint.fr/dossiers/politique/eric-zemmour-candidat-2022/,2021-07-17 16:02:47,local
Montréal_V2,préfet,1,ladepeche.fr,Saint-Gaudens. Le préfet en visite au Pilat et au centre aqualudique,2021-07-17,0,https://www.ladepeche.fr/2021/07/17/le-prefet-en-visite-au-pilat-et-au-centre-aqualudique-9676662.php,2021-07-17 16:02:58,local
Montréal_V2,préfet,2,L'Indépendant,Pyrénées-Orientales : le préfet décrète le couvre-feu à 23 heures dans les bars et restaurants du département,2021-07-17,0,https://www.lindependant.fr/2021/07/17/pyrenees-orientales-le-prefet-decrete-le-couvre-feu-a-23-heures-dans-les-bars-et-restaurants-du-departement-9677270.php,2021-07-17 16:02:59,local
Montréal_V2,préfet,3,Outre-mer la 1ère,Ottman Zaïr est le nouveau directeur de cabinet du Préfet de La Réunion - Réunion la 1ère,2021-07-17,0,https://la1ere.francetvinfo.fr/reunion/ottman-zair-est-le-nouveau-directeur-de-cabinet-du-prefet-de-la-reunion-1060420.html,2021-07-17 16:02:59,local
Montréal_V2,préfet,4,Ouest-France,"Lorient. Sur le départ, le sous-préfet a des regrets",2021-07-16,1,https://www.ouest-france.fr/bretagne/lorient-56100/lorient-sur-le-depart-le-sous-prefet-a-des-regrets-258ec454-e628-11eb-8918-f5733a67d33f,2021-07-17 16:03:00,local
Montréal_V2,préfet,5,France Bleu,Le préfet interdit la manifestation contre l'extension du pass sanitaire samedi à Toulouse,2021-07-16,1,https://www.francebleu.fr/infos/societe/le-prefet-interdit-la-manifestation-contre-l-extension-du-passe-sanitaire-samedi-a-toulouse-1626452554,2021-07-17 16:03:00,local
Montréal_V2,préfet,6,Ouest-France,Saint-Lunaire. Le préfet visite le dispositif estival de sécurité,2021-07-16,1,https://www.ouest-france.fr/bretagne/saint-lunaire-35800/saint-lunaire-le-prefet-visite-le-dispositif-estival-de-securite-62182938-e655-11eb-bb9f-3eedd47b85bc,2021-07-17 16:03:00,local
Montréal_V2,préfet,7,Le Dauphiné Libéré,Haute-Savoie | Intrusion à la préfecture d’Annecy : le préfet a déposé plainte,2021-07-15,2,https://www.ledauphine.com/faits-divers-justice/2021/07/15/intrusion-a-la-prefecture-d-annecy-le-prefet-a-depose-plainte,2021-07-17 16:03:00,local
Montréal_V2,préfet,8,Ouest-France,"Saint-Malo. Après la visite du préfet, les services sanitaires et de sécurité sur le pont",2021-07-16,1,https://www.ouest-france.fr/bretagne/saint-malo-35400/saint-malo-apres-la-visite-du-prefet-les-services-sanitaires-et-de-securite-sur-le-pont-9e733f1c-e56a-11eb-b328-3bb388b4cb1f,2021-07-17 16:03:01,local
Montréal_V2,préfet,9,Le Journal de Montréal,Gaspé très heureuse de l'agrandissement de LM Wind Power,2021-07-15,2,https://www.journaldemontreal.com/2021/07/14/gaspe-tres-heureuse-de-lagrandissement-de-lm-wind-power,2021-07-17 16:03:01,local
Montréal_V2,préfet,10,actu.fr,"Face à la hausse des demandes, le préfet du Lot rappelle les conditions pour se faire vacciner cet été",2021-07-16,1,https://actu.fr/societe/face-a-la-hausse-des-demandes-le-prefet-du-lot-rappelle-les-conditions-pour-se-faire-vacciner-cet-ete_43515229.html,2021-07-17 16:03:01,local
Montréal_V2,préfet,11,Le Courrier Vendéen,Vendée : le préfet prolonge le port du masque en extérieur dans les lieux fréquentés,2021-07-16,1,https://actu.fr/societe/vendee-le-prefet-prolonge-le-port-du-masque-en-exterieur-dans-les-lieux-frequentes_43516361.html,2021-07-17 16:03:01,local
Montréal_V2,préfet,12,La Voix du Nord,Le préfet Lalande : « Cinq années intenses du premier au dernier jour » - Quel souvenir conservez-vous de,2021-07-16,1,https://www.lavoixdunord.fr/1045872/article/2021-07-16/michel-lalande-l-ultime-interview-d-un-prefet-sur-le-depart,2021-07-17 16:03:02,local
Montréal_V2,préfet,13,LCI,14-Juillet : le décrié préfet Didier Lallement va recevoir la Légion d'honneur,2021-07-14,3,https://www.lci.fr/societe/14-juillet-fete-nationale-le-prefet-didier-lallement-va-recevoir-la-legion-d-honneur-2191442.html,2021-07-17 16:03:02,local
Montréal_V2,préfet,14,Paris-Normandie,Une nouvelle garde rapprochée pour le préfet de la Seine-Maritime,2021-07-17,0,https://www.paris-normandie.fr/id213700/article/2021-07-17/une-nouvelle-garde-rapprochee-pour-le-prefet-de-la-seine-maritime,2021-07-17 16:03:03,local
Montréal_V2,préfet,15,L'Avenir et des Rivières - Farnham,MRC de Rouville: le préfet suppléant prend la relève de Jacques Ladouceur,2021-06-18,29,https://www.laveniretdesrivieres.com/2021/06/18/mrc-de-rouville-le-prefet-suppleant-prend-la-releve-de-jacques-ladouceur/,2021-07-17 16:03:03,local
Montréal_V2,préfet,16,Ministère de l'Intérieur,"« Le Tour de France, une extraordinaire mission pour un sous-préfet »",2021-07-07,10,https://www.interieur.gouv.fr/fr/Actualites/L-actu-du-Ministere/Le-Tour-de-France-une-extraordinaire-mission-pour-un-sous-prefet,2021-07-17 16:03:03,local
Montréal_V2,préfet,17,France 3 Régions,Vaucluse : le préfet lance un jeu-concours pour les jeunes vaccinés,2021-07-16,1,https://france3-regions.francetvinfo.fr/provence-alpes-cote-d-azur/vaucluse/vaucluse-le-prefet-lance-un-jeu-concours-pour-les-jeunes-vaccines-2182567.html,2021-07-17 16:03:04,local
Montréal_V2,préfet,18,EnBeauce.com,Départ de trois directeurs à la MRC des Etchemins: pas de crise dit le préfet Couët,2021-07-15,2,https://www.enbeauce.com/actualites/municipal/431838/depart-de-trois-directeurs-a-la-mrc-des-etchemins-pas-de-crise-dit-le-prefet-couet,2021-07-17 16:03:04,local
Montréal_V2,préfet,19,Ouest-France,"Brest. Le sous-préfet, Ivan Bouchier, devient préfet délégué à la défense et la sécurité à Lyon",2021-07-14,3,https://www.ouest-france.fr/bretagne/brest-29200/brest-le-sous-prefet-ivan-bouchier-devient-prefet-delegue-a-la-defense-et-la-securite-a-lyon-5989dc70-e4a3-11eb-b30f-e4d13acdbac7,2021-07-17 16:03:04,local
Montréal_V2,préfet,20,France 3 Régions,"Covid-19 : à Troyes, le préfet rétablit l'obligation du port du masque en extérieur au centre-ville",2021-07-16,1,https://france3-regions.francetvinfo.fr/grand-est/aube/troyes/troyes-le-prefet-retablie-l-obligation-du-port-du-masque-en-exterieur-au-centre-ville-2181766.html,2021-07-17 16:03:04,local
Montréal_V2,préfet,21,Info-chalon.com,"Le Préfet de Saône et Loire, Julien Charles, rappelle les règles pour le port du masque",2021-07-16,1,https://www.info-chalon.com/articles/2021/07/16/61901/le-prefet-de-saone-et-loire-julien-charles-rappelle-les-regles-pour-le-port-du-masque/,2021-07-17 16:03:04,local
Montréal_V2,préfet,22,Abidjan.net,Le sous-préfet Yèlieu prend contact avec ses administrés,2021-07-17,0,https://news.abidjan.net/h/695092.html,2021-07-17 16:03:05,local
Montréal_V2,préfet,23,Le JSL,"Inondations | Louhans sous les eaux : l'alerte orange sur la Seille maintenue cette nuit, des déviations pour contourner la ville",2021-07-17,0,https://www.lejsl.com/faits-divers-justice/2021/07/17/louhans-sous-les-eaux-la-digue-anti-crue-cede-la-ville-coupee-en-deux,2021-07-17 16:03:05,local
Montréal_V2,préfet,24,France Bleu,"Dordogne : les centres de vaccinations saturés, mais ""nous avons 35.000 doses"" disponibles dit le préfet",2021-07-16,1,https://www.francebleu.fr/infos/societe/dordogne-les-centres-de-vaccinations-satures-depuis-lundi-vont-monter-en-puissance-annonce-le-prefet-1626457093,2021-07-17 16:03:06,local
Montréal_V2,préfet,25,Ouest-France,"Maine-et-Loire. Pour accélérer la vaccination, le préfet envisage de lancer des équipes mobiles",2021-07-16,1,https://www.ouest-france.fr/pays-de-la-loire/bauge-en-anjou-49150/maine-et-loire-pour-accelerer-la-vaccination-le-prefet-envisage-de-lancer-des-equipes-mobiles-fa3aa5a0-e651-11eb-8918-f5733a67d33f,2021-07-17 16:03:06,local
Montréal_V2,travaux routiers,1,Le Journal de Québec,Grève des ingénieurs: des travaux routiers pourraient subir un impact,2021-07-15,2,https://www.journaldequebec.com/2021/07/14/greve-des-ingenieurs-des-travaux-routiers-pourraient-subir-un-impact,2021-07-17 16:03:16,local
Montréal_V2,travaux routiers,2,Le Devoir,Des dizaines de chantiers routiers paralysés à Montréal,2021-06-19,28,https://www.ledevoir.com/politique/montreal/612177/des-dizaines-de-chantiers-routiers-paralyses-a-montreal,2021-07-17 16:03:16,local
Montréal_V2,travaux routiers,3,Journal Le Lac St-Jean,"Travaux routiers : des investissements de 2,7 M$ à Lamarche",2021-06-28,19,https://lelacstjean.com/actualite/travaux-routiers-des-investissements-de-29-m-a-lamarche/,2021-07-17 16:03:17,local
Montréal_V2,travaux routiers,4,Québec Hebdo,Phase intensive des travaux routiers sur Notre-Dame,2021-07-05,12,https://www.quebechebdo.com/local/journal-lappel/260618/phase-intensive-des-travaux-routiers-sur-notre-dame/,2021-07-17 16:03:17,local
Montréal_V2,travaux routiers,5,La Presse,"Des vacances de la construction en nature, et au Québec",2021-07-17,0,https://www.lapresse.ca/actualites/2021-07-17/des-vacances-de-la-construction-en-nature-et-au-quebec.php,2021-07-17 16:03:17,local
Montréal_V2,travaux routiers,6,Le Journal de Québec,Travaux majeurs sur le pont Pierre-Laporte: la circulation encore plus fluide qu'à l'habitude,2021-06-29,18,https://www.journaldequebec.com/2021/06/28/travaux-majeurs-sur-le-pont-pierre-laporte-la-circulation-encore-plus-fluide-qua-lhabitude,2021-07-17 16:03:18,local
Montréal_V2,travaux routiers,7,Truck Stop Québec,Des radars sur les chantiers routiers,2021-07-13,4,https://www.truckstopquebec.com/des-radars-sur-les-chantiers-routiers-64197/,2021-07-17 16:03:18,local
Montréal_V2,travaux routiers,8,Le Journal de Québec,État du réseau routier québécois: ça y va «lentement mais sûrement»,2021-06-21,26,https://www.journaldequebec.com/2021/06/21/ca-y-va-lentement-mais-surement,2021-07-17 16:03:18,local
Montréal_V2,travaux routiers,9,M105 La vie d'ici,Travaux routiers à Bromont et Shefford - M105,2021-07-04,13,https://m105.ca/actualite/travaux-routiers-a-bromont-et-shefford/,2021-07-17 16:03:18,local
Montréal_V2,travaux routiers,10,Fm1033.ca,Saison des travaux routiers sur la Rive-Sud,2021-06-26,21,https://www.fm1033.ca/2-136/,2021-07-17 16:03:18,local
Montréal_V2,travaux routiers,11,Le Journal de Québec,Des bouchons monstres durant 22 jours à cause du pont Pierre-Laporte,2021-06-17,30,https://www.journaldequebec.com/2021/06/17/travaux-sur-le-pont-pierre-laporte-les-vehicules-durgence-emprunteront-le-pont-de-quebec,2021-07-17 16:03:19,local
Montréal_V2,travaux routiers,12,Le Journal de Québec,Travaux sur le pont Pierre-Laporte: la fluidité persiste,2021-06-29,18,https://www.journaldequebec.com/2021/06/29/travaux-sur-le-pont-pierre-laporte-la-fluidite-persiste,2021-07-17 16:03:19,local
Montréal_V2,travaux routiers,13,L'Éclaireur Progrès,Aucun retard majeur dans les projets municipaux à Saint-Éphrem,2021-07-15,2,https://www.leclaireurprogres.ca/aucun-retard-majeur-dans-les-projets-municipaux-a-saint-ephrem/,2021-07-17 16:03:19,local
Montréal_V2,travaux routiers,14,Bien Public,Chazeuil | Des travaux routiers en cours,2021-07-09,8,https://www.bienpublic.com/societe/2021/07/09/des-travaux-routiers-en-cours,2021-07-17 16:03:19,local
Montréal_V2,travaux routiers,15,La Releve,Chantier majeur du tunnel : surveillance par radar photo sur l'A-20,2021-07-01,16,https://www.lareleve.qc.ca/2021/07/01/chantier-majeur-du-tunnel-surveillance-par-radar-photo-sur-la-20/,2021-07-17 16:03:20,local
Montréal_V2,travaux routiers,16,LaDepeche.fr,Travaux routiers en Ariège : pourquoi y-a-t-il des gravillons sur la chaussée ?,2021-07-06,11,https://www.ladepeche.fr/2021/07/06/gravillons-sur-les-chaussees-cest-fait-expres-9653611.php,2021-07-17 16:03:20,local
Montréal_V2,travaux routiers,17,Zone911,Congestion monstre sur la route 175 - Réserve faunique des Laurentides.,2021-07-04,13,https://zone911.com/divers/31083-congestion-monstre-sur-la-route-175-reserve-faunique-des-laurentides,2021-07-17 16:03:20,local
Montréal_V2,travaux routiers,18,Transport Routier,Henri-IV à Québec : Travaux intensifs du 9 au 12 juillet,2021-07-07,10,https://www.transportroutier.ca/nouvelles/henri-iv-a-quebec-travaux-intensifs-du-9-au-12-juillet/,2021-07-17 16:03:20,local
Montréal_V2,travaux routiers,19,journal le soir,La route 232 améliorée dès cet été,2021-07-15,2,https://journallesoir.ca/2021/07/15/la-route-232-amelioree-des-cet-ete/,2021-07-17 16:03:21,local
Montréal_V2,travaux routiers,20,La Tribune - Groupe Capitales Médias,"Taxes sur l'essence: un bonis de 18,6 M$ pour Sherbrooke",2021-07-13,4,https://www.latribune.ca/ma-region/taxes-sur-lessence-un-bonis-de-186-m-pour-sherbrooke-45dc7155505cb78f1ad7a2721c7eaa73,2021-07-17 16:03:21,local
Montréal_V2,travaux routiers,21,ICI.Radio-Canada.ca,Marc Asselin invite les citoyens à plus de civisme autour des travaux routiers,2021-06-21,26,https://ici.radio-canada.ca/nouvelle/1803541/conseil-municipal-seance,2021-07-17 16:03:21,local
Montréal_V2,travaux routiers,22,Le journal de Lévis,Chronique SAAQ - Pourquoi être particulièrement vigilant dans une zone de chantiers routiers?,2021-06-30,17,https://www.journaldelevis.com/1298/%C3%80_la_une_aujourd_hui.html?id=80998,2021-07-17 16:03:21,local
Montréal_V2,travaux routiers,23,L'Action d'Autray,"Saint-Didace obtient 1,1 million $ pour son réseau routier local",2021-06-29,18,https://www.lactiondautray.com/article/2021/06/29/saint-didace-obtient-1-1-million-pour-son-reseau-routier-local,2021-07-17 16:03:21,local
Montréal_V2,travaux routiers,24,20 Minutes,Toutes les routes et autoroutes fermées cet été en Ile-de-France,2021-07-16,1,https://www.20minutes.fr/paris/3085211-20210716-ile-france-toutes-routes-autoroutes-fermees-cause-travaux,2021-07-17 16:03:22,local
Montréal_V2,travaux routiers,25,Acadie Nouvelle,Vaste programme de réfection des routes à Bathurst,2021-06-29,18,https://www.acadienouvelle.com/actualites/2021/06/29/vaste-programme-de-refection-des-routes-a-bathurst/,2021-07-17 16:03:22,local
Montréal_V2,autobus OR tramway,1,Le Journal de Québec,"Tracé du tramway dans Limoilou: les commerçants comblés, des résidents déçus",2021-07-15,2,https://www.journaldequebec.com/2021/07/14/passage-du-tramway-sur-la-4e-avenue-la-preservation-de-la-place-limouloise-a-pese-lourd,2021-07-17 16:03:33,local
Montréal_V2,autobus OR tramway,2,Le Journal de Québec,Tramway de Québec: feu vert de la CAQ pour un nouvel appel d'offres,2021-07-07,10,https://www.journaldequebec.com/2021/07/07/tramway-de-quebec-feu-vert-de-la-caq-pour-un-nouvel-appel-doffres,2021-07-17 16:03:34,local
Montréal_V2,autobus OR tramway,3,Le Soleil - Groupe Capitales Médias,Le tramway déplacé vers D'Estimauville fait grimper la valeur du contrat d'ingénierie de SYSTRA Canada,2021-07-17,0,https://www.lesoleil.com/actualite/la-capitale/le-tramway-deplace-vers-destimauville-fait-grimper-la-valeur-du-contrat-dingenierie-de-systra-canada-acc35096ab0fa1210a2007bf654c64aa,2021-07-17 16:03:34,local
Montréal_V2,autobus OR tramway,4,Le Soleil - Groupe Capitales Médias,Contrats du tramway : Ce qu'on ne nous avait pas dit,2021-07-03,14,https://www.lesoleil.com/chroniques/francois-bourque/contrats-du-tramway--ce-quon-ne-nous-avait-pas-dit-6396bbaf0dcc829784bfc8c1eb817d4b,2021-07-17 16:03:35,local
Montréal_V2,autobus OR tramway,5,Le Journal de Montréal,"En Moldavie, on se vaccine en montant dans le tramway",2021-07-14,3,https://www.journaldemontreal.com/2021/07/14/en-moldavie-on-se-vaccine-en-montant-dans-le-trolley,2021-07-17 16:03:35,local
Montréal_V2,autobus OR tramway,6,Journal Métro,Piste cyclable élargie: finies les déviations d'autobus sur Gouin,2021-07-14,3,https://journalmetro.com/local/riviere-des-prairies/2669781/piste-cyclable-elargie-finies-les-deviations-dautobus-sur-gouin/,2021-07-17 16:03:35,local
Montréal_V2,autobus OR tramway,7,Le Journal de Québec,Éole en musique: un autobus pour vacciner les festivaliers,2021-07-15,2,https://www.journaldequebec.com/2021/07/15/eole-en-musique-un-autobus-pour-vacciner-les-festivaliers,2021-07-17 16:03:35,local
Montréal_V2,autobus OR tramway,8,TVA Nouvelles,Une enfant de six ans coincée dans la porte d'un autobus en marche,2021-07-14,3,https://www.tvanouvelles.ca/2021/07/14/une-enfant-de-six-ans-coincee-dans-la-porte-dun-autobus-en-marche,2021-07-17 16:03:35,local
Montréal_V2,autobus OR tramway,9,Le Journal de Québec,Appels de qualification du tramway: Labeaume confiant d'obtenir le décret d'ici mercredi,2021-07-05,12,https://www.journaldequebec.com/2021/07/05/appels-de-qualification-du-tramway-labeaume-confiant-dobtenir-le-decret-dici-mercredi,2021-07-17 16:03:36,local
Montréal_V2,autobus OR tramway,10,Le Journal de Québec,Trois-Rivières recevra ses premiers bus électriques sous peu,2021-07-14,3,https://www.journaldequebec.com/2021/07/13/trois-rivieres-recevra-ses-premiers-bus-electriques-sous-peu-1,2021-07-17 16:03:36,local
Montréal_V2,autobus OR tramway,11,Le Devoir,L'aide de Québec pour électrifier les autobus scolaires fait des mécontents,2021-07-06,11,https://www.ledevoir.com/economie/616038/transport-l-aide-de-quebec-pour-electrifier-les-autobus-scolaires-fait-des-mecontents,2021-07-17 16:03:36,local
Montréal_V2,autobus OR tramway,12,La Presse,Île d'Orléans | Un mystérieux autobus aperçu sur le fleuve,2021-06-29,18,https://www.lapresse.ca/actualites/regional/2021-06-29/ile-d-orleans/un-mysterieux-autobus-apercu-sur-le-fleuve.php,2021-07-17 16:03:36,local
Montréal_V2,autobus OR tramway,13,Le Journal de Québec,"Les dirigeants d'entreprises de Lévis sont pro-tunnel, mais mitigés sur le tramway",2021-06-21,26,https://www.journaldequebec.com/2021/06/21/reseau-express-de-la-capitale-les-dirigeants-dentreprises-levisiennes-sont-pro-tunnel-mais-mitiges-sur-le-tramway,2021-07-17 16:03:36,local
Montréal_V2,autobus OR tramway,14,VINGT 55 Média web,Une aide de 20 M$ pour relancer le transport interurbain par autobus partout au Québec,2021-07-09,8,https://vingt55.ca/une-aide-de-20-m-pour-relancer-le-transport-interurbain-par-autobus-partout-au-quebec/,2021-07-17 16:03:36,local
Montréal_V2,autobus OR tramway,15,ICI.Radio-Canada.ca,Les autobus d'Orléans Express reprendront la route Ottawa-Montréal dès le 8 juillet,2021-07-05,12,https://ici.radio-canada.ca/nouvelle/1806720/autobus-ottawa-gatineau-montreal-transport-orleans-express,2021-07-17 16:03:37,local
Montréal_V2,autobus OR tramway,16,Le Journal de Montréal,Gouin trop étroit pour les autobus,2021-06-20,27,https://www.journaldemontreal.com/2021/06/20/gouin-trop-etroit-pour-les-autobus,2021-07-17 16:03:37,local
Montréal_V2,autobus OR tramway,17,Le Journal de Québec,Un autobus pour aider la vaccination dans le Bas-Saint-Laurent,2021-07-09,8,https://www.journaldequebec.com/2021/07/09/un-autobus-pour-aider-la-vaccination-dans-le-bas-saint-laurent-1,2021-07-17 16:03:37,local
Montréal_V2,autobus OR tramway,18,L'Express - Drummondville,Girardin déploiera 1 200 autobus électriques au Québec - L'Express,2021-07-04,13,https://www.journalexpress.ca/2021/07/04/girardin-deploiera-1%E2%80%89200-autobus-electriques-au-quebec/,2021-07-17 16:03:37,local
Montréal_V2,autobus OR tramway,19,Le Journal de Québec,Troisième lien: descendez jusqu'à 80 mètres sous terre pour le bus,2021-06-28,19,https://www.journaldequebec.com/2021/06/28/troisieme-lien-descendez-jusqua-80-metres-sous-terre-pour-le-bus,2021-07-17 16:03:37,local
Montréal_V2,autobus OR tramway,20,La Presse,"Pakistan | L'explosion d'un autobus fait 12 morts, dont 9 Chinois",2021-07-14,3,https://www.lapresse.ca/international/asie-et-oceanie/2021-07-14/pakistan/l-explosion-d-un-autobus-fait-12-morts-dont-9-chinois.php,2021-07-17 16:03:38,local
Montréal_V2,autobus OR tramway,21,Rail Passion,49 rames et trois nouvelles lignes de tramway à Nantes,2021-07-17,0,https://www.railpassion.fr/materiel-actualites-rp/49-rames-et-trois-nouvelles-lignes-de-tramway-a-nantes/,2021-07-17 16:03:38,local
Montréal_V2,autobus OR tramway,22,La Voix du Sud,Groupe Autobus Auger acquiert Transport Marquis,2021-07-08,9,https://www.lavoixdusud.com/2021/07/08/groupe-autobus-auger-acquiert-transport-marquis/,2021-07-17 16:03:38,local
Montréal_V2,autobus OR tramway,23,La Releve,Des autobus pour aller au parc des Îles-de-Boucherville ou à celui du Mont-Saint-Bruno,2021-07-10,7,https://www.lareleve.qc.ca/2021/07/10/des-autobus-pour-aller-au-parc-des-iles-de-boucherville-ou-a-celui-du-mont-saint-bruno/,2021-07-17 16:03:38,local
Montréal_V2,autobus OR tramway,24,Fm1033.ca,La vaccination dans un autobus du RTL à Greenfield Park,2021-07-12,5,https://www.fm1033.ca/la-vaccination-dans-un-autobus-du-rtl/,2021-07-17 16:03:38,local
Montréal_V2,autobus OR tramway,25,Magazine MCI,Giradin – en attente de déployer 1 200 autobus électriques au Québec,2021-07-07,10,https://magazinemci.com/2021/07/07/giradin-en-attente-de-deployer-1-200-autobus-electriques-au-quebec/,2021-07-17 16:03:39,local
Montréal_V2,météo,1,MétéoMédia,L'été au Québec : juillet le mouton noir,2021-07-17,0,https://www.meteomedia.com/ca/nouvelles/article/lete-au-quebec-juillet-le-mouton-noir,2021-07-17 16:03:49,local
Montréal_V2,météo,2,Millavois.com,Météo. Tournée générale de soleil ce dimanche !,2021-07-17,0,https://www.millavois.com/2021/07/17/meteo-tournee-generale-de-soleil-ce-dimanche/,2021-07-17 16:03:49,local
Montréal_V2,météo,3,Le Journal de Montréal,À quand le prochain déluge?,2021-07-17,0,https://www.journaldemontreal.com/2021/07/17/a-quand-le-prochain-deluge,2021-07-17 16:03:49,local
Montréal_V2,météo,4,Millavois.com,"Météo. Enfin, le soleil va revenir sur le département",2021-07-16,1,https://www.millavois.com/2021/07/16/meteo-enfin-le-soleil-va-revenir-sur-le-departement/,2021-07-17 16:03:50,local
Montréal_V2,météo,5,MétéoMédia,Puissante tornade observée : on rapporte d'importants dommages,2021-07-16,1,https://www.meteomedia.com/ca/nouvelles/article/tornade-destructrice-et-violents-orages-observes,2021-07-17 16:03:50,local
Montréal_V2,météo,6,MétéoMédia,Vacances de la construction : seront-elles à la hauteur de vos attentes ?,2021-07-14,3,https://www.meteomedia.com/ca/nouvelles/article/vacances-de-la-construction-seront-elles-a-la-hauteur-de-vos-attentes,2021-07-17 16:03:50,local
Montréal_V2,météo,7,MétéoMédia,Jasons météo : les experts se prononcent pour juillet,2021-07-09,8,https://www.meteomedia.com/ca/nouvelles/article/jasons-meteo-les-experts-se-prononcent-pour-juillet,2021-07-17 16:03:50,local
Montréal_V2,météo,8,Ma Côte-Nord,La météo spéciale du printemps sur la Côte-Nord n'a pas nui aux bleuets,2021-07-06,11,https://macotenord.com/la-meteo-speciale-du-printemps-sur-la-cote-nord-na-pas-nui-aux-bleuets/,2021-07-17 16:03:51,local
Montréal_V2,météo,9,"98,5 fm",Le British Open a la météo de son côté. On en parle avec Dave Lévesque professionnel de golf.,2021-07-16,1,http://985fm.ca/audio/410744/le-british-open-a-la-meteo-de-son-cote-on-en-parle-avec-dave-levesque-professionnel-de-golf,2021-07-17 16:03:51,local
Montréal_V2,météo,10,Le Journal de Montréal,Météo au Québec: un début d'été à l'eau,2021-06-20,27,https://www.journaldemontreal.com/2021/06/20/meteo-au-quebec-un-debut-dete-a-leau,2021-07-17 16:03:51,local
Montréal_V2,météo,11,Le Journal de Montréal,Météo au Québec: alerte aux orages violents pour quelques régions,2021-06-30,17,https://www.journaldemontreal.com/2021/06/30/meteo-au-quebec-alerte-dorages-violents-pour-quelques-regions,2021-07-17 16:03:51,local
Montréal_V2,météo,12,MétéoMédia,La météo s'est déchaînée en juin,2021-07-04,13,https://www.meteomedia.com/ca/nouvelles/article/la-meteo-sest-dechainee-en-juin,2021-07-17 16:03:51,local
Montréal_V2,météo,13,Le Point,Météo : 8 départements encore en vigilance orange « crues »,2021-07-17,0,https://www.lepoint.fr/societe/meteo-huit-departements-encore-en-vigilance-orange-crues-17-07-2021-2435784_23.php,2021-07-17 16:03:52,local
Montréal_V2,météo,14,LCI,Météo : l’été s’installe enfin au nord à partir de ce week-end,2021-07-17,0,https://www.lci.fr/meteo/previsions-meteo-france-l-ete-s-installe-enfin-au-nord-a-partir-de-ce-week-end-2191617.html,2021-07-17 16:03:52,local
Montréal_V2,météo,15,La Chaîne Météo,"Météo prochain week-end : dégradation orageuse, baisse des températures",2021-07-17,0,https://actualite.lachainemeteo.com/actualite-meteo/2021-07-17/meteo-prochain-week-end-degradation-orageuse-baisse-des-temperatures-60050,2021-07-17 16:03:52,local
Montréal_V2,météo,16,MétéoMédia,Première tornade en 21 ans en Nouvelle-Écosse,2021-07-15,2,https://www.meteomedia.com/ca/nouvelles/article/premiere-tornade-en-21-ans-en-nouvelle-ecosse,2021-07-17 16:03:52,local
Montréal_V2,météo,17,MétéoMédia,Une météo idéale ou plutôt moche pour déménager ?,2021-06-30,17,https://www.meteomedia.com/ca/nouvelles/article/une-meteo-ideale-ou-plutot-moche-pour-demenager,2021-07-17 16:03:53,local
Montréal_V2,météo,18,MétéoMédia,Inondations monstres : 50 mm en quelques heures sont tombés,2021-07-14,3,https://www.meteomedia.com/ca/nouvelles/article/pluies-torrentielles-un-mois-de-pluie-en-quelques-heures,2021-07-17 16:03:53,local
Montréal_V2,météo,19,LCI,Météo du 17 juillet 2021 : Prévisions météo à 21h00,2021-07-17,0,https://www.lci.fr/replay/video-meteo-du-17-juillet-2021-previsions-meteo-a-21h00-2191723.html,2021-07-17 16:03:53,local
Montréal_V2,météo,20,Ouest-France éditions locales,La météo de Pascal Talmon. Soleil très généreux et sensations estivales,2021-07-17,0,https://www.ouest-france.fr/bretagne/lorient-56100/la-meteo-de-pascal-talmon-soleil-tres-genereux-et-sensations-estivales-5190b210-e64b-11eb-bb9f-3eedd47b85bc,2021-07-17 16:03:53,local
Montréal_V2,météo,21,Le Journal de Montréal,Météo: vers une nouvelle canicule pour le sud-ouest du Québec?,2021-06-27,20,https://www.journaldemontreal.com/2021/06/27/meteo-vers-une-nouvelle-canicule-pour-le-sud-ouest-du-quebec,2021-07-17 16:03:53,local
Montréal_V2,météo,22,France Bleu,Météo : sept départements toujours en vigilance orange aux crues dans le Nord et l'Est de la France,2021-07-17,0,https://www.francebleu.fr/infos/meteo/meteo-sept-departements-toujours-en-vigilance-orange-aux-crues-dans-le-nord-et-l-est-de-la-france-1626516559,2021-07-17 16:03:54,local
Montréal_V2,météo,23,Algerie360,Météo : nouvelle vague de chaleur dans plusieurs wilayas,2021-07-17,0,https://www.algerie360.com/meteo-nouvelle-vague-de-chaleur-dans-plusieurs-wilayas/,2021-07-17 16:03:54,local
Montréal_V2,météo,24,DNA - Dernières Nouvelles d'Alsace,Centre-Alsace | Météo : soleil et nuages se partageront le ciel,2021-07-17,0,https://www.dna.fr/environnement/2021/07/17/la-meteo-du-jour,2021-07-17 16:03:54,local
Montréal_V2,météo,25,MétéoMédia,Alertes d'orages violents et pluies diluviennes,2021-07-01,16,https://www.meteomedia.com/ca/nouvelles/article/changement-de-regime-attention-au-temps-violent,2021-07-17 16:03:55,local
